"","year","sex","age","ETH.group","CoB","pop"
"1",2011,"F",0,"BLA+BAN+BLC+OBL","UK born",11103
"2",2011,"F",0,"CHI+OAS","UK born",8055
"3",2011,"F",0,"IND","UK born",9749
"4",2011,"F",0,"MIX","UK born",22302
"5",2011,"F",0,"OTH","UK born",4773
"6",2011,"F",0,"PAK","UK born",12265
"7",2011,"F",0,"WBI+WHO","UK born",251743
"8",2011,"F",0,"WBI+WHO","Non-UK born",691
"9",2011,"F",1,"BLA+BAN+BLC+OBL","UK born",10415
"10",2011,"F",1,"BLA+BAN+BLC+OBL","Non-UK born",1029
"11",2011,"F",1,"CHI+OAS","Non-UK born",503
"12",2011,"F",1,"CHI+OAS","UK born",7659
"13",2011,"F",1,"IND","Non-UK born",730
"14",2011,"F",1,"IND","UK born",8925
"15",2011,"F",1,"MIX","UK born",22152
"16",2011,"F",1,"OTH","Non-UK born",1996
"17",2011,"F",1,"OTH","UK born",2853
"18",2011,"F",1,"PAK","Non-UK born",1282
"19",2011,"F",1,"PAK","UK born",11231
"20",2011,"F",1,"WBI+WHO","UK born",243299
"21",2011,"F",1,"WBI+WHO","Non-UK born",4729
"22",2011,"F",10,"BLA+BAN+BLC+OBL","Non-UK born",2565
"23",2011,"F",10,"BLA+BAN+BLC+OBL","UK born",7924
"24",2011,"F",10,"CHI+OAS","UK born",2286
"25",2011,"F",10,"CHI+OAS","Non-UK born",4080
"26",2011,"F",10,"IND","UK born",5620
"27",2011,"F",10,"IND","Non-UK born",1586
"28",2011,"F",10,"MIX","Non-UK born",722
"29",2011,"F",10,"MIX","UK born",12735
"30",2011,"F",10,"OTH","Non-UK born",2079
"31",2011,"F",10,"OTH","UK born",1240
"32",2011,"F",10,"PAK","UK born",10425
"33",2011,"F",10,"WBI+WHO","UK born",217800
"34",2011,"F",10,"WBI+WHO","Non-UK born",8274
"35",2011,"F",11,"BLA+BAN+BLC+OBL","Non-UK born",2871
"36",2011,"F",11,"BLA+BAN+BLC+OBL","UK born",7523
"37",2011,"F",11,"CHI+OAS","Non-UK born",1967
"38",2011,"F",11,"CHI+OAS","UK born",4254
"39",2011,"F",11,"IND","Non-UK born",1281
"40",2011,"F",11,"IND","UK born",5960
"41",2011,"F",11,"MIX","UK born",13558
"42",2011,"F",11,"OTH","Non-UK born",1521
"43",2011,"F",11,"OTH","UK born",1810
"44",2011,"F",11,"PAK","Non-UK born",2739
"45",2011,"F",11,"PAK","UK born",7372
"46",2011,"F",11,"WBI+WHO","Non-UK born",8859
"47",2011,"F",11,"WBI+WHO","UK born",224399
"48",2011,"F",12,"BLA+BAN+BLC+OBL","Non-UK born",4662
"49",2011,"F",12,"BLA+BAN+BLC+OBL","UK born",5773
"50",2011,"F",12,"CHI+OAS","Non-UK born",2913
"51",2011,"F",12,"CHI+OAS","UK born",3395
"52",2011,"F",12,"IND","UK born",5653
"53",2011,"F",12,"IND","Non-UK born",1453
"54",2011,"F",12,"MIX","UK born",11830
"55",2011,"F",12,"MIX","Non-UK born",1741
"56",2011,"F",12,"OTH","Non-UK born",1036
"57",2011,"F",12,"OTH","UK born",2310
"58",2011,"F",12,"PAK","Non-UK born",1192
"59",2011,"F",12,"PAK","UK born",8651
"60",2011,"F",12,"WBI+WHO","UK born",234328
"61",2011,"F",12,"WBI+WHO","Non-UK born",8236
"62",2011,"F",13,"BLA+BAN+BLC+OBL","(Missing)",465
"63",2011,"F",13,"BLA+BAN+BLC+OBL","Non-UK born",5984
"64",2011,"F",13,"BLA+BAN+BLC+OBL","UK born",4409
"65",2011,"F",13,"CHI+OAS","UK born",2655
"66",2011,"F",13,"CHI+OAS","Non-UK born",3864
"67",2011,"F",13,"IND","Non-UK born",1535
"68",2011,"F",13,"IND","UK born",5590
"69",2011,"F",13,"MIX","Non-UK born",1511
"70",2011,"F",13,"MIX","UK born",12004
"71",2011,"F",13,"OTH","Non-UK born",1509
"72",2011,"F",13,"OTH","UK born",1669
"73",2011,"F",13,"PAK","Non-UK born",1013
"74",2011,"F",13,"PAK","UK born",8311
"75",2011,"F",13,"WBI+WHO","Non-UK born",9593
"76",2011,"F",13,"WBI+WHO","UK born",236838
"77",2011,"F",14,"BLA+BAN+BLC+OBL","UK born",6636
"78",2011,"F",14,"BLA+BAN+BLC+OBL","Non-UK born",4006
"79",2011,"F",14,"CHI+OAS","UK born",3076
"80",2011,"F",14,"CHI+OAS","Non-UK born",3915
"81",2011,"F",14,"IND","Non-UK born",798
"82",2011,"F",14,"IND","UK born",6547
"83",2011,"F",14,"MIX","UK born",11905
"84",2011,"F",14,"MIX","Non-UK born",1579
"85",2011,"F",14,"OTH","Non-UK born",852
"86",2011,"F",14,"OTH","UK born",2500
"87",2011,"F",14,"PAK","Non-UK born",1435
"88",2011,"F",14,"PAK","UK born",7757
"89",2011,"F",14,"WBI+WHO","UK born",242336
"90",2011,"F",14,"WBI+WHO","Non-UK born",12168
"91",2011,"F",15,"BLA+BAN+BLC+OBL","UK born",4800
"92",2011,"F",15,"BLA+BAN+BLC+OBL","Non-UK born",5669
"93",2011,"F",15,"CHI+OAS","Non-UK born",3088
"94",2011,"F",15,"CHI+OAS","UK born",3776
"95",2011,"F",15,"IND","UK born",6843
"96",2011,"F",15,"IND","Non-UK born",501
"97",2011,"F",15,"MIX","Non-UK born",2599
"98",2011,"F",15,"MIX","UK born",10070
"99",2011,"F",15,"OTH","UK born",1847
"100",2011,"F",15,"OTH","Non-UK born",1315
"101",2011,"F",15,"PAK","Non-UK born",2086
"102",2011,"F",15,"PAK","UK born",6941
"103",2011,"F",15,"WBI+WHO","Non-UK born",10578
"104",2011,"F",15,"WBI+WHO","UK born",243965
"105",2011,"F",16,"BLA+BAN+BLC+OBL","Non-UK born",6484
"106",2011,"F",16,"BLA+BAN+BLC+OBL","UK born",3698
"107",2011,"F",16,"CHI+OAS","Non-UK born",3113
"108",2011,"F",16,"CHI+OAS","UK born",4198
"109",2011,"F",16,"IND","UK born",4941
"110",2011,"F",16,"IND","Non-UK born",2414
"111",2011,"F",16,"MIX","UK born",12639
"112",2011,"F",16,"OTH","Non-UK born",1551
"113",2011,"F",16,"OTH","UK born",1739
"114",2011,"F",16,"PAK","Non-UK born",1177
"115",2011,"F",16,"PAK","UK born",7837
"116",2011,"F",16,"WBI+WHO","Non-UK born",9203
"117",2011,"F",16,"WBI+WHO","UK born",246392
"118",2011,"F",17,"BLA+BAN+BLC+OBL","UK born",5993
"119",2011,"F",17,"BLA+BAN+BLC+OBL","Non-UK born",3997
"120",2011,"F",17,"CHI+OAS","Non-UK born",3923
"121",2011,"F",17,"CHI+OAS","UK born",4171
"122",2011,"F",17,"IND","Non-UK born",548
"123",2011,"F",17,"IND","UK born",7040
"124",2011,"F",17,"MIX","UK born",11546
"125",2011,"F",17,"MIX","Non-UK born",901
"126",2011,"F",17,"OTH","Non-UK born",1490
"127",2011,"F",17,"OTH","UK born",1799
"128",2011,"F",17,"PAK","UK born",5136
"129",2011,"F",17,"PAK","Non-UK born",3801
"130",2011,"F",17,"WBI+WHO","Non-UK born",10816
"131",2011,"F",17,"WBI+WHO","UK born",255090
"132",2011,"F",18,"BLA+BAN+BLC+OBL","Non-UK born",4045
"133",2011,"F",18,"BLA+BAN+BLC+OBL","UK born",5362
"134",2011,"F",18,"CHI+OAS","Non-UK born",3285
"135",2011,"F",18,"CHI+OAS","UK born",5829
"136",2011,"F",18,"IND","UK born",7994
"137",2011,"F",18,"MIX","Non-UK born",1996
"138",2011,"F",18,"MIX","UK born",10215
"139",2011,"F",18,"OTH","Non-UK born",707
"140",2011,"F",18,"OTH","UK born",2700
"141",2011,"F",18,"PAK","Non-UK born",4559
"142",2011,"F",18,"PAK","UK born",4160
"143",2011,"F",18,"WBI+WHO","Non-UK born",10367
"144",2011,"F",18,"WBI+WHO","UK born",259002
"145",2011,"F",19,"BLA+BAN+BLC+OBL","Non-UK born",4428
"146",2011,"F",19,"BLA+BAN+BLC+OBL","UK born",4999
"147",2011,"F",19,"CHI+OAS","Non-UK born",5509
"148",2011,"F",19,"CHI+OAS","UK born",4866
"149",2011,"F",19,"IND","Non-UK born",1811
"150",2011,"F",19,"IND","UK born",7190
"151",2011,"F",19,"MIX","UK born",10561
"152",2011,"F",19,"MIX","Non-UK born",1834
"153",2011,"F",19,"OTH","Non-UK born",1326
"154",2011,"F",19,"OTH","UK born",2157
"155",2011,"F",19,"OTH","(Missing)",397
"156",2011,"F",19,"PAK","Non-UK born",1661
"157",2011,"F",19,"PAK","UK born",6701
"158",2011,"F",19,"WBI+WHO","Non-UK born",15216
"159",2011,"F",19,"WBI+WHO","UK born",268119
"160",2011,"F",2,"BLA+BAN+BLC+OBL","Non-UK born",562
"161",2011,"F",2,"BLA+BAN+BLC+OBL","UK born",11020
"162",2011,"F",2,"CHI+OAS","UK born",8223
"163",2011,"F",2,"IND","Non-UK born",605
"164",2011,"F",2,"IND","UK born",8916
"165",2011,"F",2,"MIX","Non-UK born",599
"166",2011,"F",2,"MIX","UK born",20702
"167",2011,"F",2,"OTH","UK born",4442
"168",2011,"F",2,"OTH","Non-UK born",371
"169",2011,"F",2,"PAK","Non-UK born",474
"170",2011,"F",2,"PAK","UK born",12542
"171",2011,"F",2,"WBI+WHO","Non-UK born",5644
"172",2011,"F",2,"WBI+WHO","UK born",238612
"173",2011,"F",20,"BLA+BAN+BLC+OBL","Non-UK born",2357
"174",2011,"F",20,"BLA+BAN+BLC+OBL","UK born",7223
"175",2011,"F",20,"CHI+OAS","UK born",3727
"176",2011,"F",20,"CHI+OAS","Non-UK born",9413
"177",2011,"F",20,"IND","UK born",9167
"178",2011,"F",20,"MIX","UK born",10615
"179",2011,"F",20,"MIX","Non-UK born",1269
"180",2011,"F",20,"OTH","Non-UK born",2587
"181",2011,"F",20,"OTH","UK born",1265
"182",2011,"F",20,"PAK","Non-UK born",4109
"183",2011,"F",20,"PAK","UK born",4220
"184",2011,"F",20,"WBI+WHO","UK born",269798
"185",2011,"F",20,"WBI+WHO","Non-UK born",18212
"186",2011,"F",21,"BLA+BAN+BLC+OBL","UK born",6369
"187",2011,"F",21,"BLA+BAN+BLC+OBL","Non-UK born",3164
"188",2011,"F",21,"CHI+OAS","Non-UK born",12116
"189",2011,"F",21,"CHI+OAS","UK born",2670
"190",2011,"F",21,"IND","Non-UK born",471
"191",2011,"F",21,"IND","UK born",9153
"192",2011,"F",21,"MIX","Non-UK born",4349
"193",2011,"F",21,"MIX","UK born",7260
"194",2011,"F",21,"OTH","Non-UK born",4042
"195",2011,"F",21,"PAK","Non-UK born",1469
"196",2011,"F",21,"PAK","UK born",7201
"197",2011,"F",21,"WBI+WHO","Non-UK born",21649
"198",2011,"F",21,"WBI+WHO","UK born",260694
"199",2011,"F",22,"BLA+BAN+BLC+OBL","Non-UK born",6042
"200",2011,"F",22,"BLA+BAN+BLC+OBL","UK born",4064
"201",2011,"F",22,"CHI+OAS","Non-UK born",11828
"202",2011,"F",22,"CHI+OAS","UK born",4202
"203",2011,"F",22,"IND","Non-UK born",2461
"204",2011,"F",22,"IND","UK born",7923
"205",2011,"F",22,"MIX","UK born",8869
"206",2011,"F",22,"MIX","Non-UK born",2341
"207",2011,"F",22,"OTH","Non-UK born",3326
"208",2011,"F",22,"OTH","UK born",805
"209",2011,"F",22,"PAK","Non-UK born",2045
"210",2011,"F",22,"PAK","UK born",7079
"211",2011,"F",22,"WBI+WHO","Non-UK born",23967
"212",2011,"F",22,"WBI+WHO","UK born",260718
"213",2011,"F",23,"BLA+BAN+BLC+OBL","Non-UK born",8147
"214",2011,"F",23,"BLA+BAN+BLC+OBL","UK born",2243
"215",2011,"F",23,"CHI+OAS","Non-UK born",15427
"216",2011,"F",23,"IND","UK born",9669
"217",2011,"F",23,"IND","Non-UK born",1822
"218",2011,"F",23,"MIX","UK born",8142
"219",2011,"F",23,"MIX","Non-UK born",2893
"220",2011,"F",23,"OTH","Non-UK born",3250
"221",2011,"F",23,"OTH","UK born",1298
"222",2011,"F",23,"PAK","UK born",4929
"223",2011,"F",23,"PAK","Non-UK born",5009
"224",2011,"F",23,"WBI+WHO","UK born",260689
"225",2011,"F",23,"WBI+WHO","Non-UK born",32794
"226",2011,"F",24,"BLA+BAN+BLC+OBL","Non-UK born",8630
"227",2011,"F",24,"BLA+BAN+BLC+OBL","UK born",1957
"228",2011,"F",24,"CHI+OAS","Non-UK born",12677
"229",2011,"F",24,"CHI+OAS","UK born",841
"230",2011,"F",24,"IND","Non-UK born",5188
"231",2011,"F",24,"IND","UK born",7154
"232",2011,"F",24,"MIX","UK born",9676
"233",2011,"F",24,"MIX","Non-UK born",1309
"234",2011,"F",24,"OTH","Non-UK born",3604
"235",2011,"F",24,"OTH","UK born",1015
"236",2011,"F",24,"PAK","Non-UK born",5956
"237",2011,"F",24,"PAK","UK born",4425
"238",2011,"F",24,"WBI+WHO","Non-UK born",37945
"239",2011,"F",24,"WBI+WHO","UK born",252986
"240",2011,"F",25,"BLA+BAN+BLC+OBL","Non-UK born",6782
"241",2011,"F",25,"BLA+BAN+BLC+OBL","UK born",3768
"242",2011,"F",25,"CHI+OAS","Non-UK born",9735
"243",2011,"F",25,"CHI+OAS","UK born",2667
"244",2011,"F",25,"IND","Non-UK born",6263
"245",2011,"F",25,"IND","UK born",7396
"246",2011,"F",25,"MIX","Non-UK born",2692
"247",2011,"F",25,"MIX","UK born",7500
"248",2011,"F",25,"OTH","Non-UK born",4288
"249",2011,"F",25,"OTH","UK born",761
"250",2011,"F",25,"PAK","Non-UK born",4104
"251",2011,"F",25,"PAK","UK born",6815
"252",2011,"F",25,"WBI+WHO","Non-UK born",32254
"253",2011,"F",25,"WBI+WHO","UK born",260304
"254",2011,"F",26,"BLA+BAN+BLC+OBL","Non-UK born",8559
"255",2011,"F",26,"BLA+BAN+BLC+OBL","UK born",2318
"256",2011,"F",26,"CHI+OAS","Non-UK born",10025
"257",2011,"F",26,"CHI+OAS","UK born",2546
"258",2011,"F",26,"IND","Non-UK born",7864
"259",2011,"F",26,"IND","UK born",6724
"260",2011,"F",26,"MIX","UK born",8920
"261",2011,"F",26,"MIX","Non-UK born",998
"262",2011,"F",26,"OTH","Non-UK born",5392
"263",2011,"F",26,"PAK","Non-UK born",6466
"264",2011,"F",26,"PAK","UK born",4709
"265",2011,"F",26,"WBI+WHO","Non-UK born",52556
"266",2011,"F",26,"WBI+WHO","UK born",241461
"267",2011,"F",27,"BLA+BAN+BLC+OBL","Non-UK born",6318
"268",2011,"F",27,"BLA+BAN+BLC+OBL","UK born",4483
"269",2011,"F",27,"CHI+OAS","UK born",2759
"270",2011,"F",27,"CHI+OAS","Non-UK born",9811
"271",2011,"F",27,"IND","Non-UK born",9123
"272",2011,"F",27,"IND","UK born",5920
"273",2011,"F",27,"MIX","Non-UK born",2999
"274",2011,"F",27,"MIX","UK born",6541
"275",2011,"F",27,"OTH","Non-UK born",3962
"276",2011,"F",27,"OTH","UK born",1562
"277",2011,"F",27,"PAK","Non-UK born",3761
"278",2011,"F",27,"PAK","UK born",7434
"279",2011,"F",27,"WBI+WHO","Non-UK born",47826
"280",2011,"F",27,"WBI+WHO","UK born",240677
"281",2011,"F",28,"BLA+BAN+BLC+OBL","UK born",4438
"282",2011,"F",28,"BLA+BAN+BLC+OBL","Non-UK born",6560
"283",2011,"F",28,"CHI+OAS","Non-UK born",13490
"284",2011,"F",28,"IND","Non-UK born",8598
"285",2011,"F",28,"IND","UK born",7238
"286",2011,"F",28,"MIX","Non-UK born",1208
"287",2011,"F",28,"MIX","UK born",8114
"288",2011,"F",28,"OTH","UK born",827
"289",2011,"F",28,"OTH","Non-UK born",4656
"290",2011,"F",28,"PAK","Non-UK born",4663
"291",2011,"F",28,"PAK","UK born",7101
"292",2011,"F",28,"WBI+WHO","Non-UK born",60498
"293",2011,"F",28,"WBI+WHO","UK born",230760
"294",2011,"F",29,"BLA+BAN+BLC+OBL","Non-UK born",7452
"295",2011,"F",29,"BLA+BAN+BLC+OBL","UK born",3680
"296",2011,"F",29,"CHI+OAS","Non-UK born",13656
"297",2011,"F",29,"IND","Non-UK born",6754
"298",2011,"F",29,"IND","UK born",9252
"299",2011,"F",29,"MIX","Non-UK born",4853
"300",2011,"F",29,"MIX","UK born",4411
"301",2011,"F",29,"OTH","Non-UK born",4369
"302",2011,"F",29,"OTH","UK born",1185
"303",2011,"F",29,"PAK","UK born",4281
"304",2011,"F",29,"PAK","Non-UK born",7596
"305",2011,"F",29,"WBI+WHO","Non-UK born",52834
"306",2011,"F",29,"WBI+WHO","UK born",239689
"307",2011,"F",3,"BLA+BAN+BLC+OBL","Non-UK born",471
"308",2011,"F",3,"BLA+BAN+BLC+OBL","UK born",11552
"309",2011,"F",3,"CHI+OAS","UK born",8433
"310",2011,"F",3,"IND","UK born",6745
"311",2011,"F",3,"IND","Non-UK born",3001
"312",2011,"F",3,"MIX","UK born",20922
"313",2011,"F",3,"OTH","Non-UK born",2528
"314",2011,"F",3,"OTH","UK born",2278
"315",2011,"F",3,"PAK","UK born",10232
"316",2011,"F",3,"PAK","Non-UK born",2680
"317",2011,"F",3,"WBI+WHO","Non-UK born",3444
"318",2011,"F",3,"WBI+WHO","UK born",243563
"319",2011,"F",30,"BLA+BAN+BLC+OBL","UK born",1760
"320",2011,"F",30,"BLA+BAN+BLC+OBL","Non-UK born",9027
"321",2011,"F",30,"CHI+OAS","Non-UK born",10560
"322",2011,"F",30,"CHI+OAS","UK born",2805
"323",2011,"F",30,"IND","UK born",6115
"324",2011,"F",30,"IND","Non-UK born",10190
"325",2011,"F",30,"MIX","UK born",4836
"326",2011,"F",30,"MIX","Non-UK born",3893
"327",2011,"F",30,"OTH","UK born",783
"328",2011,"F",30,"OTH","Non-UK born",4762
"329",2011,"F",30,"PAK","Non-UK born",6861
"330",2011,"F",30,"PAK","UK born",5114
"331",2011,"F",30,"WBI+WHO","UK born",250409
"332",2011,"F",30,"WBI+WHO","Non-UK born",44923
"333",2011,"F",31,"BLA+BAN+BLC+OBL","Non-UK born",8886
"334",2011,"F",31,"BLA+BAN+BLC+OBL","UK born",2107
"335",2011,"F",31,"CHI+OAS","Non-UK born",12186
"336",2011,"F",31,"CHI+OAS","UK born",1393
"337",2011,"F",31,"IND","Non-UK born",7453
"338",2011,"F",31,"IND","UK born",8867
"339",2011,"F",31,"MIX","Non-UK born",1937
"340",2011,"F",31,"MIX","UK born",6333
"341",2011,"F",31,"OTH","Non-UK born",5522
"342",2011,"F",31,"PAK","UK born",1697
"343",2011,"F",31,"PAK","Non-UK born",10446
"344",2011,"F",31,"WBI+WHO","Non-UK born",43380
"345",2011,"F",31,"WBI+WHO","UK born",251928
"346",2011,"F",32,"BLA+BAN+BLC+OBL","UK born",1067
"347",2011,"F",32,"BLA+BAN+BLC+OBL","Non-UK born",9102
"348",2011,"F",32,"CHI+OAS","Non-UK born",11459
"349",2011,"F",32,"CHI+OAS","UK born",2332
"350",2011,"F",32,"IND","Non-UK born",10799
"351",2011,"F",32,"IND","UK born",4811
"352",2011,"F",32,"MIX","Non-UK born",3314
"353",2011,"F",32,"MIX","UK born",4634
"354",2011,"F",32,"OTH","Non-UK born",4792
"355",2011,"F",32,"OTH","UK born",357
"356",2011,"F",32,"PAK","UK born",3203
"357",2011,"F",32,"PAK","Non-UK born",8182
"358",2011,"F",32,"WBI+WHO","UK born",237564
"359",2011,"F",32,"WBI+WHO","Non-UK born",44569
"360",2011,"F",33,"BLA+BAN+BLC+OBL","Non-UK born",8898
"361",2011,"F",33,"BLA+BAN+BLC+OBL","UK born",837
"362",2011,"F",33,"CHI+OAS","Non-UK born",11642
"363",2011,"F",33,"CHI+OAS","UK born",1853
"364",2011,"F",33,"IND","Non-UK born",9035
"365",2011,"F",33,"IND","UK born",5470
"366",2011,"F",33,"MIX","Non-UK born",1880
"367",2011,"F",33,"MIX","UK born",5414
"368",2011,"F",33,"OTH","UK born",757
"369",2011,"F",33,"OTH","Non-UK born",4371
"370",2011,"F",33,"PAK","Non-UK born",7863
"371",2011,"F",33,"PAK","UK born",2289
"372",2011,"F",33,"WBI+WHO","Non-UK born",41662
"373",2011,"F",33,"WBI+WHO","UK born",220288
"374",2011,"F",34,"BLA+BAN+BLC+OBL","UK born",932
"375",2011,"F",34,"BLA+BAN+BLC+OBL","Non-UK born",8757
"376",2011,"F",34,"CHI+OAS","UK born",2887
"377",2011,"F",34,"CHI+OAS","Non-UK born",10828
"378",2011,"F",34,"IND","Non-UK born",8447
"379",2011,"F",34,"IND","UK born",5417
"380",2011,"F",34,"MIX","Non-UK born",3249
"381",2011,"F",34,"MIX","UK born",3633
"382",2011,"F",34,"OTH","Non-UK born",2371
"383",2011,"F",34,"OTH","UK born",2353
"384",2011,"F",34,"PAK","UK born",5226
"385",2011,"F",34,"PAK","Non-UK born",4466
"386",2011,"F",34,"WBI+WHO","Non-UK born",45733
"387",2011,"F",34,"WBI+WHO","UK born",212622
"388",2011,"F",35,"BLA+BAN+BLC+OBL","Non-UK born",8117
"389",2011,"F",35,"BLA+BAN+BLC+OBL","UK born",1314
"390",2011,"F",35,"CHI+OAS","Non-UK born",11880
"391",2011,"F",35,"CHI+OAS","UK born",1803
"392",2011,"F",35,"IND","Non-UK born",9362
"393",2011,"F",35,"IND","UK born",3588
"394",2011,"F",35,"MIX","Non-UK born",1664
"395",2011,"F",35,"MIX","UK born",4939
"396",2011,"F",35,"OTH","Non-UK born",4489
"397",2011,"F",35,"OTH","UK born",297
"398",2011,"F",35,"PAK","Non-UK born",3386
"399",2011,"F",35,"PAK","UK born",5544
"400",2011,"F",35,"WBI+WHO","Non-UK born",25714
"401",2011,"F",35,"WBI+WHO","UK born",241961
"402",2011,"F",36,"BLA+BAN+BLC+OBL","UK born",2000
"403",2011,"F",36,"BLA+BAN+BLC+OBL","Non-UK born",7596
"404",2011,"F",36,"CHI+OAS","UK born",1570
"405",2011,"F",36,"CHI+OAS","Non-UK born",11766
"406",2011,"F",36,"IND","UK born",5027
"407",2011,"F",36,"IND","Non-UK born",7288
"408",2011,"F",36,"MIX","Non-UK born",4464
"409",2011,"F",36,"MIX","UK born",1882
"410",2011,"F",36,"OTH","Non-UK born",4023
"411",2011,"F",36,"OTH","UK born",410
"412",2011,"F",36,"PAK","Non-UK born",6333
"413",2011,"F",36,"PAK","UK born",1853
"414",2011,"F",36,"WBI+WHO","UK born",236402
"415",2011,"F",36,"WBI+WHO","Non-UK born",40529
"416",2011,"F",37,"BLA+BAN+BLC+OBL","Non-UK born",6828
"417",2011,"F",37,"BLA+BAN+BLC+OBL","UK born",2568
"418",2011,"F",37,"CHI+OAS","UK born",666
"419",2011,"F",37,"CHI+OAS","Non-UK born",12348
"420",2011,"F",37,"IND","Non-UK born",7105
"421",2011,"F",37,"IND","UK born",4369
"422",2011,"F",37,"MIX","Non-UK born",6328
"423",2011,"F",37,"OTH","UK born",554
"424",2011,"F",37,"OTH","Non-UK born",3917
"425",2011,"F",37,"PAK","Non-UK born",5532
"426",2011,"F",37,"PAK","UK born",2707
"427",2011,"F",37,"WBI+WHO","Non-UK born",27264
"428",2011,"F",37,"WBI+WHO","UK born",258191
"429",2011,"F",38,"BLA+BAN+BLC+OBL","UK born",4973
"430",2011,"F",38,"BLA+BAN+BLC+OBL","Non-UK born",4499
"431",2011,"F",38,"CHI+OAS","Non-UK born",12182
"432",2011,"F",38,"CHI+OAS","UK born",529
"433",2011,"F",38,"IND","UK born",4775
"434",2011,"F",38,"IND","Non-UK born",6579
"435",2011,"F",38,"MIX","Non-UK born",2425
"436",2011,"F",38,"MIX","UK born",3941
"437",2011,"F",38,"OTH","Non-UK born",3640
"438",2011,"F",38,"OTH","UK born",631
"439",2011,"F",38,"PAK","UK born",3020
"440",2011,"F",38,"PAK","Non-UK born",5162
"441",2011,"F",38,"WBI+WHO","Non-UK born",31316
"442",2011,"F",38,"WBI+WHO","UK born",269503
"443",2011,"F",39,"BLA+BAN+BLC+OBL","Non-UK born",5751
"444",2011,"F",39,"BLA+BAN+BLC+OBL","UK born",4000
"445",2011,"F",39,"CHI+OAS","UK born",487
"446",2011,"F",39,"CHI+OAS","Non-UK born",11966
"447",2011,"F",39,"IND","Non-UK born",8454
"448",2011,"F",39,"IND","UK born",2209
"449",2011,"F",39,"MIX","Non-UK born",1666
"450",2011,"F",39,"MIX","UK born",4440
"451",2011,"F",39,"OTH","Non-UK born",4129
"452",2011,"F",39,"PAK","Non-UK born",3363
"453",2011,"F",39,"PAK","UK born",4671
"454",2011,"F",39,"WBI+WHO","Non-UK born",23446
"455",2011,"F",39,"WBI+WHO","UK born",295360
"456",2011,"F",4,"BLA+BAN+BLC+OBL","UK born",12014
"457",2011,"F",4,"CHI+OAS","Non-UK born",1017
"458",2011,"F",4,"CHI+OAS","UK born",6648
"459",2011,"F",4,"IND","Non-UK born",1697
"460",2011,"F",4,"IND","UK born",7541
"461",2011,"F",4,"MIX","UK born",19553
"462",2011,"F",4,"OTH","UK born",3125
"463",2011,"F",4,"OTH","Non-UK born",1369
"464",2011,"F",4,"PAK","UK born",12579
"465",2011,"F",4,"WBI+WHO","Non-UK born",5841
"466",2011,"F",4,"WBI+WHO","UK born",234192
"467",2011,"F",40,"BLA+BAN+BLC+OBL","UK born",3447
"468",2011,"F",40,"BLA+BAN+BLC+OBL","Non-UK born",6513
"469",2011,"F",40,"CHI+OAS","Non-UK born",11226
"470",2011,"F",40,"CHI+OAS","UK born",453
"471",2011,"F",40,"IND","Non-UK born",6858
"472",2011,"F",40,"IND","UK born",3716
"473",2011,"F",40,"MIX","Non-UK born",1344
"474",2011,"F",40,"MIX","UK born",4838
"475",2011,"F",40,"OTH","Non-UK born",4034
"476",2011,"F",40,"PAK","Non-UK born",5589
"477",2011,"F",40,"PAK","UK born",2372
"478",2011,"F",40,"WBI+WHO","Non-UK born",24665
"479",2011,"F",40,"WBI+WHO","UK born",308567
"480",2011,"F",41,"BLA+BAN+BLC+OBL","Non-UK born",6225
"481",2011,"F",41,"BLA+BAN+BLC+OBL","UK born",3981
"482",2011,"F",41,"CHI+OAS","Non-UK born",10360
"483",2011,"F",41,"CHI+OAS","UK born",877
"484",2011,"F",41,"IND","Non-UK born",4630
"485",2011,"F",41,"IND","UK born",5871
"486",2011,"F",41,"MIX","Non-UK born",2354
"487",2011,"F",41,"MIX","UK born",3515
"488",2011,"F",41,"OTH","Non-UK born",3496
"489",2011,"F",41,"OTH","UK born",294
"490",2011,"F",41,"PAK","Non-UK born",4626
"491",2011,"F",41,"PAK","UK born",2976
"492",2011,"F",41,"WBI+WHO","Non-UK born",28227
"493",2011,"F",41,"WBI+WHO","UK born",296443
"494",2011,"F",42,"BLA+BAN+BLC+OBL","Non-UK born",5307
"495",2011,"F",42,"BLA+BAN+BLC+OBL","UK born",5173
"496",2011,"F",42,"CHI+OAS","Non-UK born",9859
"497",2011,"F",42,"CHI+OAS","UK born",694
"498",2011,"F",42,"IND","Non-UK born",5643
"499",2011,"F",42,"IND","UK born",4390
"500",2011,"F",42,"MIX","Non-UK born",2577
"501",2011,"F",42,"MIX","UK born",3250
"502",2011,"F",42,"OTH","Non-UK born",3589
"503",2011,"F",42,"PAK","Non-UK born",5739
"504",2011,"F",42,"PAK","UK born",1179
"505",2011,"F",42,"WBI+WHO","UK born",302874
"506",2011,"F",42,"WBI+WHO","Non-UK born",33539
"507",2011,"F",43,"BLA+BAN+BLC+OBL","Non-UK born",5854
"508",2011,"F",43,"BLA+BAN+BLC+OBL","UK born",5224
"509",2011,"F",43,"CHI+OAS","Non-UK born",9370
"510",2011,"F",43,"IND","Non-UK born",6560
"511",2011,"F",43,"IND","UK born",3126
"512",2011,"F",43,"MIX","UK born",1738
"513",2011,"F",43,"MIX","Non-UK born",3988
"514",2011,"F",43,"OTH","Non-UK born",3146
"515",2011,"F",43,"OTH","UK born",351
"516",2011,"F",43,"PAK","Non-UK born",4101
"517",2011,"F",43,"PAK","UK born",2173
"518",2011,"F",43,"WBI+WHO","UK born",307901
"519",2011,"F",43,"WBI+WHO","Non-UK born",30100
"520",2011,"F",44,"BLA+BAN+BLC+OBL","Non-UK born",7383
"521",2011,"F",44,"BLA+BAN+BLC+OBL","UK born",3644
"522",2011,"F",44,"CHI+OAS","UK born",978
"523",2011,"F",44,"CHI+OAS","Non-UK born",7811
"524",2011,"F",44,"IND","Non-UK born",4157
"525",2011,"F",44,"IND","UK born",4984
"526",2011,"F",44,"MIX","UK born",5810
"527",2011,"F",44,"OTH","Non-UK born",2902
"528",2011,"F",44,"OTH","UK born",344
"529",2011,"F",44,"PAK","Non-UK born",4634
"530",2011,"F",44,"PAK","UK born",906
"531",2011,"F",44,"WBI+WHO","Non-UK born",27489
"532",2011,"F",44,"WBI+WHO","UK born",317380
"533",2011,"F",45,"BLA+BAN+BLC+OBL","Non-UK born",5369
"534",2011,"F",45,"BLA+BAN+BLC+OBL","UK born",5973
"535",2011,"F",45,"CHI+OAS","Non-UK born",8334
"536",2011,"F",45,"IND","UK born",997
"537",2011,"F",45,"IND","Non-UK born",8030
"538",2011,"F",45,"MIX","UK born",3312
"539",2011,"F",45,"MIX","Non-UK born",2271
"540",2011,"F",45,"OTH","UK born",263
"541",2011,"F",45,"OTH","Non-UK born",2805
"542",2011,"F",45,"PAK","UK born",1219
"543",2011,"F",45,"PAK","Non-UK born",3817
"544",2011,"F",45,"WBI+WHO","Non-UK born",30422
"545",2011,"F",45,"WBI+WHO","UK born",318380
"546",2011,"F",46,"BLA+BAN+BLC+OBL","UK born",6688
"547",2011,"F",46,"BLA+BAN+BLC+OBL","Non-UK born",4850
"548",2011,"F",46,"CHI+OAS","Non-UK born",8050
"549",2011,"F",46,"IND","Non-UK born",7572
"550",2011,"F",46,"IND","UK born",923
"551",2011,"F",46,"MIX","Non-UK born",1696
"552",2011,"F",46,"MIX","UK born",3689
"553",2011,"F",46,"OTH","Non-UK born",3049
"554",2011,"F",46,"PAK","Non-UK born",3533
"555",2011,"F",46,"PAK","UK born",757
"556",2011,"F",46,"WBI+WHO","Non-UK born",20255
"557",2011,"F",46,"WBI+WHO","UK born",332394
"558",2011,"F",47,"BLA+BAN+BLC+OBL","UK born",7110
"559",2011,"F",47,"BLA+BAN+BLC+OBL","Non-UK born",4631
"560",2011,"F",47,"CHI+OAS","Non-UK born",8083
"561",2011,"F",47,"IND","UK born",1550
"562",2011,"F",47,"IND","Non-UK born",7208
"563",2011,"F",47,"MIX","UK born",2696
"564",2011,"F",47,"MIX","Non-UK born",2476
"565",2011,"F",47,"OTH","Non-UK born",2503
"566",2011,"F",47,"OTH","UK born",329
"567",2011,"F",47,"PAK","UK born",522
"568",2011,"F",47,"PAK","Non-UK born",3493
"569",2011,"F",47,"WBI+WHO","Non-UK born",23283
"570",2011,"F",47,"WBI+WHO","UK born",326445
"571",2011,"F",48,"BLA+BAN+BLC+OBL","Non-UK born",4548
"572",2011,"F",48,"BLA+BAN+BLC+OBL","UK born",6686
"573",2011,"F",48,"CHI+OAS","Non-UK born",7764
"574",2011,"F",48,"IND","Non-UK born",8719
"575",2011,"F",48,"MIX","Non-UK born",1242
"576",2011,"F",48,"MIX","UK born",3452
"577",2011,"F",48,"OTH","UK born",262
"578",2011,"F",48,"OTH","Non-UK born",2402
"579",2011,"F",48,"PAK","Non-UK born",3966
"580",2011,"F",48,"WBI+WHO","Non-UK born",14082
"581",2011,"F",48,"WBI+WHO","UK born",329230
"582",2011,"F",49,"BLA+BAN+BLC+OBL","UK born",4198
"583",2011,"F",49,"BLA+BAN+BLC+OBL","Non-UK born",5679
"584",2011,"F",49,"CHI+OAS","Non-UK born",6701
"585",2011,"F",49,"CHI+OAS","UK born",517
"586",2011,"F",49,"IND","Non-UK born",8882
"587",2011,"F",49,"MIX","Non-UK born",1686
"588",2011,"F",49,"MIX","UK born",2541
"589",2011,"F",49,"OTH","Non-UK born",2442
"590",2011,"F",49,"OTH","UK born",209
"591",2011,"F",49,"PAK","Non-UK born",4166
"592",2011,"F",49,"WBI+WHO","Non-UK born",20844
"593",2011,"F",49,"WBI+WHO","UK born",316669
"594",2011,"F",5,"BLA+BAN+BLC+OBL","Non-UK born",1135
"595",2011,"F",5,"BLA+BAN+BLC+OBL","UK born",10682
"596",2011,"F",5,"CHI+OAS","Non-UK born",2510
"597",2011,"F",5,"CHI+OAS","UK born",5000
"598",2011,"F",5,"IND","Non-UK born",3014
"599",2011,"F",5,"IND","UK born",5793
"600",2011,"F",5,"MIX","Non-UK born",2107
"601",2011,"F",5,"MIX","UK born",16159
"602",2011,"F",5,"OTH","Non-UK born",1397
"603",2011,"F",5,"OTH","UK born",3077
"604",2011,"F",5,"PAK","Non-UK born",1266
"605",2011,"F",5,"PAK","UK born",11535
"606",2011,"F",5,"WBI+WHO","Non-UK born",5699
"607",2011,"F",5,"WBI+WHO","UK born",230635
"608",2011,"F",50,"BLA+BAN+BLC+OBL","Non-UK born",5312
"609",2011,"F",50,"BLA+BAN+BLC+OBL","UK born",3655
"610",2011,"F",50,"CHI+OAS","Non-UK born",6868
"611",2011,"F",50,"IND","Non-UK born",7504
"612",2011,"F",50,"IND","UK born",1185
"613",2011,"F",50,"MIX","Non-UK born",2990
"614",2011,"F",50,"MIX","UK born",817
"615",2011,"F",50,"OTH","Non-UK born",2058
"616",2011,"F",50,"OTH","UK born",488
"617",2011,"F",50,"PAK","Non-UK born",4049
"618",2011,"F",50,"WBI+WHO","UK born",302360
"619",2011,"F",50,"WBI+WHO","Non-UK born",23426
"620",2011,"F",51,"BLA+BAN+BLC+OBL","UK born",2896
"621",2011,"F",51,"BLA+BAN+BLC+OBL","Non-UK born",5461
"622",2011,"F",51,"CHI+OAS","Non-UK born",6633
"623",2011,"F",51,"IND","Non-UK born",7949
"624",2011,"F",51,"IND","UK born",733
"625",2011,"F",51,"MIX","UK born",1585
"626",2011,"F",51,"MIX","Non-UK born",2064
"627",2011,"F",51,"OTH","Non-UK born",2433
"628",2011,"F",51,"PAK","Non-UK born",3221
"629",2011,"F",51,"PAK","UK born",1075
"630",2011,"F",51,"WBI+WHO","Non-UK born",18129
"631",2011,"F",51,"WBI+WHO","UK born",294858
"632",2011,"F",52,"BLA+BAN+BLC+OBL","UK born",2501
"633",2011,"F",52,"BLA+BAN+BLC+OBL","Non-UK born",5217
"634",2011,"F",52,"CHI+OAS","Non-UK born",6256
"635",2011,"F",52,"IND","UK born",445
"636",2011,"F",52,"IND","Non-UK born",7971
"637",2011,"F",52,"MIX","UK born",3308
"638",2011,"F",52,"OTH","Non-UK born",2138
"639",2011,"F",52,"PAK","Non-UK born",4133
"640",2011,"F",52,"WBI+WHO","UK born",283567
"641",2011,"F",52,"WBI+WHO","Non-UK born",24387
"642",2011,"F",53,"BLA+BAN+BLC+OBL","Non-UK born",6954
"643",2011,"F",53,"CHI+OAS","Non-UK born",6143
"644",2011,"F",53,"IND","Non-UK born",7648
"645",2011,"F",53,"IND","UK born",611
"646",2011,"F",53,"MIX","Non-UK born",1573
"647",2011,"F",53,"MIX","UK born",1273
"648",2011,"F",53,"OTH","Non-UK born",2188
"649",2011,"F",53,"PAK","Non-UK born",4076
"650",2011,"F",53,"WBI+WHO","Non-UK born",26028
"651",2011,"F",53,"WBI+WHO","UK born",276413
"652",2011,"F",54,"BLA+BAN+BLC+OBL","Non-UK born",5266
"653",2011,"F",54,"BLA+BAN+BLC+OBL","UK born",1275
"654",2011,"F",54,"CHI+OAS","UK born",772
"655",2011,"F",54,"CHI+OAS","Non-UK born",5247
"656",2011,"F",54,"IND","Non-UK born",7669
"657",2011,"F",54,"IND","UK born",416
"658",2011,"F",54,"MIX","UK born",1093
"659",2011,"F",54,"MIX","Non-UK born",1576
"660",2011,"F",54,"OTH","Non-UK born",2040
"661",2011,"F",54,"PAK","Non-UK born",3967
"662",2011,"F",54,"WBI+WHO","Non-UK born",12707
"663",2011,"F",54,"WBI+WHO","UK born",279549
"664",2011,"F",55,"BLA+BAN+BLC+OBL","Non-UK born",4884
"665",2011,"F",55,"BLA+BAN+BLC+OBL","UK born",939
"666",2011,"F",55,"CHI+OAS","Non-UK born",5654
"667",2011,"F",55,"IND","Non-UK born",6704
"668",2011,"F",55,"IND","UK born",1171
"669",2011,"F",55,"OTH","Non-UK born",1962
"670",2011,"F",55,"PAK","Non-UK born",3852
"671",2011,"F",55,"WBI+WHO","Non-UK born",19053
"672",2011,"F",55,"WBI+WHO","UK born",264124
"673",2011,"F",56,"BLA+BAN+BLC+OBL","Non-UK born",5372
"674",2011,"F",56,"CHI+OAS","Non-UK born",5385
"675",2011,"F",56,"IND","Non-UK born",6036
"676",2011,"F",56,"IND","UK born",1706
"677",2011,"F",56,"MIX","Non-UK born",2173
"678",2011,"F",56,"OTH","Non-UK born",1275
"679",2011,"F",56,"OTH","UK born",542
"680",2011,"F",56,"PAK","Non-UK born",3738
"681",2011,"F",56,"WBI+WHO","UK born",248758
"682",2011,"F",56,"WBI+WHO","Non-UK born",25563
"683",2011,"F",57,"BLA+BAN+BLC+OBL","Non-UK born",4796
"684",2011,"F",57,"CHI+OAS","Non-UK born",5341
"685",2011,"F",57,"IND","Non-UK born",7052
"686",2011,"F",57,"OTH","Non-UK born",1689
"687",2011,"F",57,"PAK","Non-UK born",3302
"688",2011,"F",57,"WBI+WHO","Non-UK born",13271
"689",2011,"F",57,"WBI+WHO","UK born",265653
"690",2011,"F",58,"BLA+BAN+BLC+OBL","Non-UK born",4724
"691",2011,"F",58,"CHI+OAS","Non-UK born",5039
"692",2011,"F",58,"IND","Non-UK born",7099
"693",2011,"F",58,"OTH","Non-UK born",1653
"694",2011,"F",58,"PAK","Non-UK born",3122
"695",2011,"F",58,"WBI+WHO","Non-UK born",20322
"696",2011,"F",58,"WBI+WHO","UK born",255517
"697",2011,"F",59,"BLA+BAN+BLC+OBL","Non-UK born",3826
"698",2011,"F",59,"BLA+BAN+BLC+OBL","UK born",556
"699",2011,"F",59,"CHI+OAS","Non-UK born",4692
"700",2011,"F",59,"IND","Non-UK born",6616
"701",2011,"F",59,"MIX","Non-UK born",1386
"702",2011,"F",59,"MIX","UK born",357
"703",2011,"F",59,"OTH","Non-UK born",1568
"704",2011,"F",59,"PAK","Non-UK born",2588
"705",2011,"F",59,"WBI+WHO","Non-UK born",17594
"706",2011,"F",59,"WBI+WHO","UK born",254253
"707",2011,"F",6,"BLA+BAN+BLC+OBL","Non-UK born",1876
"708",2011,"F",6,"BLA+BAN+BLC+OBL","UK born",9657
"709",2011,"F",6,"CHI+OAS","Non-UK born",1161
"710",2011,"F",6,"CHI+OAS","UK born",6114
"711",2011,"F",6,"IND","Non-UK born",2299
"712",2011,"F",6,"IND","UK born",5947
"713",2011,"F",6,"MIX","UK born",16808
"714",2011,"F",6,"OTH","UK born",4070
"715",2011,"F",6,"PAK","Non-UK born",986
"716",2011,"F",6,"PAK","UK born",11066
"717",2011,"F",6,"WBI+WHO","Non-UK born",9114
"718",2011,"F",6,"WBI+WHO","UK born",218614
"719",2011,"F",60,"BLA+BAN+BLC+OBL","Non-UK born",3927
"720",2011,"F",60,"CHI+OAS","Non-UK born",4676
"721",2011,"F",60,"IND","Non-UK born",6356
"722",2011,"F",60,"MIX","UK born",1684
"723",2011,"F",60,"OTH","Non-UK born",1402
"724",2011,"F",60,"PAK","Non-UK born",2478
"725",2011,"F",60,"WBI+WHO","Non-UK born",12880
"726",2011,"F",60,"WBI+WHO","UK born",262312
"727",2011,"F",61,"BLA+BAN+BLC+OBL","Non-UK born",3549
"728",2011,"F",61,"CHI+OAS","Non-UK born",4538
"729",2011,"F",61,"IND","UK born",696
"730",2011,"F",61,"IND","Non-UK born",5404
"731",2011,"F",61,"OTH","Non-UK born",1420
"732",2011,"F",61,"PAK","Non-UK born",2382
"733",2011,"F",61,"WBI+WHO","UK born",267923
"734",2011,"F",61,"WBI+WHO","Non-UK born",16562
"735",2011,"F",62,"BLA+BAN+BLC+OBL","Non-UK born",3128
"736",2011,"F",62,"CHI+OAS","Non-UK born",4065
"737",2011,"F",62,"IND","Non-UK born",5586
"738",2011,"F",62,"MIX","Non-UK born",1507
"739",2011,"F",62,"PAK","Non-UK born",2104
"740",2011,"F",62,"WBI+WHO","Non-UK born",20779
"741",2011,"F",62,"WBI+WHO","UK born",273297
"742",2011,"F",63,"BLA+BAN+BLC+OBL","Non-UK born",2786
"743",2011,"F",63,"CHI+OAS","Non-UK born",3775
"744",2011,"F",63,"IND","Non-UK born",5073
"745",2011,"F",63,"MIX","Non-UK born",703
"746",2011,"F",63,"MIX","UK born",716
"747",2011,"F",63,"OTH","Non-UK born",942
"748",2011,"F",63,"OTH","UK born",230
"749",2011,"F",63,"PAK","Non-UK born",1953
"750",2011,"F",63,"WBI+WHO","Non-UK born",15374
"751",2011,"F",63,"WBI+WHO","UK born",299662
"752",2011,"F",64,"BLA+BAN+BLC+OBL","Non-UK born",2889
"753",2011,"F",64,"CHI+OAS","Non-UK born",3419
"754",2011,"F",64,"IND","Non-UK born",4651
"755",2011,"F",64,"MIX","UK born",746
"756",2011,"F",64,"MIX","Non-UK born",734
"757",2011,"F",64,"OTH","Non-UK born",783
"758",2011,"F",64,"OTH","UK born",372
"759",2011,"F",64,"PAK","Non-UK born",1881
"760",2011,"F",64,"WBI+WHO","Non-UK born",18987
"761",2011,"F",64,"WBI+WHO","UK born",325625
"762",2011,"F",65,"BLA+BAN+BLC+OBL","Non-UK born",2863
"763",2011,"F",65,"CHI+OAS","Non-UK born",2868
"764",2011,"F",65,"IND","Non-UK born",4341
"765",2011,"F",65,"MIX","Non-UK born",1309
"766",2011,"F",65,"OTH","Non-UK born",1027
"767",2011,"F",65,"PAK","Non-UK born",1689
"768",2011,"F",65,"WBI+WHO","Non-UK born",8963
"769",2011,"F",65,"WBI+WHO","UK born",256090
"770",2011,"F",66,"BLA+BAN+BLC+OBL","Non-UK born",2880
"771",2011,"F",66,"CHI+OAS","Non-UK born",2336
"772",2011,"F",66,"IND","Non-UK born",3766
"773",2011,"F",66,"MIX","Non-UK born",1320
"774",2011,"F",66,"OTH","Non-UK born",944
"775",2011,"F",66,"PAK","Non-UK born",1534
"776",2011,"F",66,"WBI+WHO","Non-UK born",13068
"777",2011,"F",66,"WBI+WHO","UK born",246567
"778",2011,"F",67,"BLA+BAN+BLC+OBL","Non-UK born",3279
"779",2011,"F",67,"CHI+OAS","Non-UK born",2299
"780",2011,"F",67,"IND","Non-UK born",4020
"781",2011,"F",67,"OTH","Non-UK born",627
"782",2011,"F",67,"OTH","UK born",272
"783",2011,"F",67,"PAK","Non-UK born",1392
"784",2011,"F",67,"WBI+WHO","Non-UK born",11690
"785",2011,"F",67,"WBI+WHO","UK born",247564
"786",2011,"F",68,"BLA+BAN+BLC+OBL","Non-UK born",3451
"787",2011,"F",68,"CHI+OAS","Non-UK born",2129
"788",2011,"F",68,"IND","Non-UK born",3933
"789",2011,"F",68,"OTH","Non-UK born",730
"790",2011,"F",68,"PAK","Non-UK born",1444
"791",2011,"F",68,"WBI+WHO","Non-UK born",10848
"792",2011,"F",68,"WBI+WHO","UK born",231701
"793",2011,"F",69,"BLA+BAN+BLC+OBL","Non-UK born",3569
"794",2011,"F",69,"CHI+OAS","Non-UK born",1975
"795",2011,"F",69,"IND","Non-UK born",3769
"796",2011,"F",69,"OTH","Non-UK born",784
"797",2011,"F",69,"PAK","Non-UK born",1420
"798",2011,"F",69,"WBI+WHO","UK born",207880
"799",2011,"F",69,"WBI+WHO","Non-UK born",9827
"800",2011,"F",7,"BLA+BAN+BLC+OBL","Non-UK born",2009
"801",2011,"F",7,"BLA+BAN+BLC+OBL","UK born",9241
"802",2011,"F",7,"CHI+OAS","Non-UK born",1589
"803",2011,"F",7,"CHI+OAS","UK born",5313
"804",2011,"F",7,"IND","Non-UK born",1350
"805",2011,"F",7,"IND","UK born",6326
"806",2011,"F",7,"MIX","UK born",12659
"807",2011,"F",7,"MIX","Non-UK born",2991
"808",2011,"F",7,"OTH","UK born",2104
"809",2011,"F",7,"OTH","Non-UK born",1791
"810",2011,"F",7,"PAK","Non-UK born",1167
"811",2011,"F",7,"PAK","UK born",10340
"812",2011,"F",7,"WBI+WHO","UK born",217824
"813",2011,"F",7,"WBI+WHO","Non-UK born",8202
"814",2011,"F",70,"BLA+BAN+BLC+OBL","Non-UK born",3532
"815",2011,"F",70,"CHI+OAS","Non-UK born",1837
"816",2011,"F",70,"IND","Non-UK born",3440
"817",2011,"F",70,"OTH","Non-UK born",709
"818",2011,"F",70,"PAK","Non-UK born",1399
"819",2011,"F",70,"WBI+WHO","Non-UK born",9927
"820",2011,"F",70,"WBI+WHO","UK born",187290
"821",2011,"F",71,"BLA+BAN+BLC+OBL","Non-UK born",3565
"822",2011,"F",71,"CHI+OAS","Non-UK born",1728
"823",2011,"F",71,"IND","Non-UK born",3650
"824",2011,"F",71,"MIX","Non-UK born",908
"825",2011,"F",71,"OTH","Non-UK born",709
"826",2011,"F",71,"PAK","Non-UK born",1484
"827",2011,"F",71,"WBI+WHO","Non-UK born",10704
"828",2011,"F",71,"WBI+WHO","UK born",196028
"829",2011,"F",72,"BLA+BAN+BLC+OBL","Non-UK born",3544
"830",2011,"F",72,"IND","Non-UK born",3409
"831",2011,"F",72,"MIX","Non-UK born",809
"832",2011,"F",72,"PAK","Non-UK born",1407
"833",2011,"F",72,"WBI+WHO","Non-UK born",10556
"834",2011,"F",72,"WBI+WHO","UK born",196965
"835",2011,"F",73,"BLA+BAN+BLC+OBL","Non-UK born",3320
"836",2011,"F",73,"CHI+OAS","Non-UK born",1653
"837",2011,"F",73,"IND","Non-UK born",3173
"838",2011,"F",73,"OTH","Non-UK born",566
"839",2011,"F",73,"PAK","Non-UK born",1376
"840",2011,"F",73,"WBI+WHO","Non-UK born",13412
"841",2011,"F",73,"WBI+WHO","UK born",189728
"842",2011,"F",74,"BLA+BAN+BLC+OBL","Non-UK born",3191
"843",2011,"F",74,"CHI+OAS","Non-UK born",1493
"844",2011,"F",74,"PAK","Non-UK born",1307
"845",2011,"F",74,"WBI+WHO","Non-UK born",11107
"846",2011,"F",74,"WBI+WHO","UK born",184470
"847",2011,"F",75,"BLA+BAN+BLC+OBL","Non-UK born",3182
"848",2011,"F",75,"IND","Non-UK born",2733
"849",2011,"F",75,"OTH","Non-UK born",570
"850",2011,"F",75,"PAK","Non-UK born",NA
"851",2011,"F",75,"WBI+WHO","UK born",178788
"852",2011,"F",75,"WBI+WHO","Non-UK born",9585
"853",2011,"F",76,"IND","Non-UK born",2630
"854",2011,"F",76,"MIX","Non-UK born",NA
"855",2011,"F",76,"OTH","Non-UK born",511
"856",2011,"F",76,"PAK","Non-UK born",NA
"857",2011,"F",76,"WBI+WHO","Non-UK born",17596
"858",2011,"F",76,"WBI+WHO","UK born",163842
"859",2011,"F",77,"BLA+BAN+BLC+OBL","Non-UK born",2485
"860",2011,"F",77,"CHI+OAS","Non-UK born",NA
"861",2011,"F",77,"IND","Non-UK born",2352
"862",2011,"F",77,"OTH","Non-UK born",NA
"863",2011,"F",77,"PAK","Non-UK born",1103
"864",2011,"F",77,"WBI+WHO","Non-UK born",6207
"865",2011,"F",77,"WBI+WHO","UK born",165337
"866",2011,"F",78,"BLA+BAN+BLC+OBL","Non-UK born",2303
"867",2011,"F",78,"IND","Non-UK born",2191
"868",2011,"F",78,"OTH","Non-UK born",450
"869",2011,"F",78,"PAK","Non-UK born",NA
"870",2011,"F",78,"WBI+WHO","Non-UK born",7806
"871",2011,"F",78,"WBI+WHO","UK born",158641
"872",2011,"F",79,"BLA+BAN+BLC+OBL","Non-UK born",1987
"873",2011,"F",79,"CHI+OAS","Non-UK born",924
"874",2011,"F",79,"IND","Non-UK born",NA
"875",2011,"F",79,"PAK","Non-UK born",770
"876",2011,"F",79,"WBI+WHO","Non-UK born",7710
"877",2011,"F",79,"WBI+WHO","UK born",158191
"878",2011,"F",8,"BLA+BAN+BLC+OBL","UK born",9549
"879",2011,"F",8,"BLA+BAN+BLC+OBL","Non-UK born",1535
"880",2011,"F",8,"CHI+OAS","UK born",4279
"881",2011,"F",8,"CHI+OAS","Non-UK born",2276
"882",2011,"F",8,"IND","Non-UK born",929
"883",2011,"F",8,"IND","UK born",6633
"884",2011,"F",8,"MIX","Non-UK born",2077
"885",2011,"F",8,"MIX","UK born",12222
"886",2011,"F",8,"OTH","Non-UK born",2011
"887",2011,"F",8,"OTH","UK born",1813
"888",2011,"F",8,"PAK","UK born",11345
"889",2011,"F",8,"WBI+WHO","UK born",213899
"890",2011,"F",8,"WBI+WHO","Non-UK born",5636
"891",2011,"F",80,"BLA+BAN+BLC+OBL","Non-UK born",1913
"892",2011,"F",80,"CHI+OAS","Non-UK born",NA
"893",2011,"F",80,"IND","Non-UK born",NA
"894",2011,"F",80,"OTH","Non-UK born",374
"895",2011,"F",80,"PAK","Non-UK born",801
"896",2011,"F",80,"WBI+WHO","Non-UK born",6365
"897",2011,"F",80,"WBI+WHO","UK born",155500
"898",2011,"F",81,"IND","Non-UK born",1663
"899",2011,"F",81,"PAK","Non-UK born",NA
"900",2011,"F",81,"WBI+WHO","UK born",141927
"901",2011,"F",81,"WBI+WHO","Non-UK born",12797
"902",2011,"F",82,"CHI+OAS","Non-UK born",NA
"903",2011,"F",82,"IND","Non-UK born",1302
"904",2011,"F",82,"OTH","Non-UK born",NA
"905",2011,"F",82,"PAK","Non-UK born",478
"906",2011,"F",82,"PAK","UK born",0
"907",2011,"F",82,"WBI+WHO","Non-UK born",14967
"908",2011,"F",82,"WBI+WHO","UK born",128362
"909",2011,"F",83,"BLA+BAN+BLC+OBL","Non-UK born",1137
"910",2011,"F",83,"WBI+WHO","UK born",120899
"911",2011,"F",83,"WBI+WHO","Non-UK born",11864
"912",2011,"F",84,"IND","Non-UK born",NA
"913",2011,"F",84,"WBI+WHO","UK born",117122
"914",2011,"F",84,"WBI+WHO","Non-UK born",6786
"915",2011,"F",85,"BLA+BAN+BLC+OBL","Non-UK born",NA
"916",2011,"F",85,"IND","Non-UK born",NA
"917",2011,"F",85,"PAK","Non-UK born",209
"918",2011,"F",85,"WBI+WHO","Non-UK born",11410
"919",2011,"F",85,"WBI+WHO","UK born",104865
"920",2011,"F",86,"BLA+BAN+BLC+OBL","Non-UK born",640
"921",2011,"F",86,"IND","Non-UK born",NA
"922",2011,"F",86,"OTH","Non-UK born",169
"923",2011,"F",86,"WBI+WHO","UK born",97864
"924",2011,"F",86,"WBI+WHO","Non-UK born",8569
"925",2011,"F",87,"PAK","Non-UK born",NA
"926",2011,"F",87,"WBI+WHO","UK born",97452
"927",2011,"F",88,"WBI+WHO","Non-UK born",0
"928",2011,"F",88,"WBI+WHO","UK born",88683
"929",2011,"F",89,"IND","Non-UK born",533
"930",2011,"F",89,"WBI+WHO","Non-UK born",0
"931",2011,"F",89,"WBI+WHO","UK born",80843
"932",2011,"F",9,"BLA+BAN+BLC+OBL","Non-UK born",2514
"933",2011,"F",9,"BLA+BAN+BLC+OBL","UK born",8383
"934",2011,"F",9,"CHI+OAS","Non-UK born",3039
"935",2011,"F",9,"CHI+OAS","UK born",2894
"936",2011,"F",9,"IND","Non-UK born",2054
"937",2011,"F",9,"IND","UK born",4960
"938",2011,"F",9,"MIX","UK born",13617
"939",2011,"F",9,"OTH","Non-UK born",566
"940",2011,"F",9,"OTH","UK born",3027
"941",2011,"F",9,"PAK","UK born",10124
"942",2011,"F",9,"PAK","Non-UK born",984
"943",2011,"F",9,"WBI+WHO","Non-UK born",9016
"944",2011,"F",9,"WBI+WHO","UK born",208323
"945",2011,"F",90,"BLA+BAN+BLC+OBL","Non-UK born",NA
"946",2011,"F",90,"CHI+OAS","Non-UK born",NA
"947",2011,"F",90,"WBI+WHO","Non-UK born",19916
"948",2011,"F",90,"WBI+WHO","UK born",277755
"949",2011,"M",0,"BLA+BAN+BLC+OBL","Non-UK born",964
"950",2011,"M",0,"BLA+BAN+BLC+OBL","UK born",10404
"951",2011,"M",0,"CHI+OAS","UK born",8851
"952",2011,"M",0,"IND","UK born",9994
"953",2011,"M",0,"MIX","UK born",23150
"954",2011,"M",0,"OTH","Non-UK born",1051
"955",2011,"M",0,"OTH","UK born",4068
"956",2011,"M",0,"PAK","UK born",12387
"957",2011,"M",0,"WBI+WHO","UK born",265554
"958",2011,"M",0,"WBI+WHO","Non-UK born",662
"959",2011,"M",1,"BLA+BAN+BLC+OBL","UK born",11072
"960",2011,"M",1,"BLA+BAN+BLC+OBL","Non-UK born",511
"961",2011,"M",1,"CHI+OAS","UK born",8656
"962",2011,"M",1,"IND","UK born",9024
"963",2011,"M",1,"IND","Non-UK born",943
"964",2011,"M",1,"MIX","Non-UK born",713
"965",2011,"M",1,"MIX","UK born",21934
"966",2011,"M",1,"OTH","UK born",4546
"967",2011,"M",1,"OTH","Non-UK born",563
"968",2011,"M",1,"PAK","Non-UK born",951
"969",2011,"M",1,"PAK","UK born",12166
"970",2011,"M",1,"WBI+WHO","Non-UK born",4397
"971",2011,"M",1,"WBI+WHO","UK born",256457
"972",2011,"M",10,"BLA+BAN+BLC+OBL","Non-UK born",3766
"973",2011,"M",10,"BLA+BAN+BLC+OBL","UK born",6911
"974",2011,"M",10,"CHI+OAS","Non-UK born",3653
"975",2011,"M",10,"CHI+OAS","UK born",2863
"976",2011,"M",10,"IND","Non-UK born",493
"977",2011,"M",10,"IND","UK born",7141
"978",2011,"M",10,"MIX","UK born",14053
"979",2011,"M",10,"OTH","UK born",1609
"980",2011,"M",10,"OTH","Non-UK born",2066
"981",2011,"M",10,"PAK","Non-UK born",881
"982",2011,"M",10,"PAK","UK born",9855
"983",2011,"M",10,"WBI+WHO","Non-UK born",10600
"984",2011,"M",10,"WBI+WHO","UK born",225830
"985",2011,"M",11,"BLA+BAN+BLC+OBL","Non-UK born",6794
"986",2011,"M",11,"BLA+BAN+BLC+OBL","UK born",4041
"987",2011,"M",11,"CHI+OAS","UK born",4098
"988",2011,"M",11,"CHI+OAS","Non-UK born",2699
"989",2011,"M",11,"IND","Non-UK born",1008
"990",2011,"M",11,"IND","UK born",6636
"991",2011,"M",11,"MIX","UK born",12606
"992",2011,"M",11,"MIX","Non-UK born",1264
"993",2011,"M",11,"OTH","Non-UK born",1541
"994",2011,"M",11,"OTH","UK born",2122
"995",2011,"M",11,"PAK","UK born",10610
"996",2011,"M",11,"WBI+WHO","Non-UK born",13076
"997",2011,"M",11,"WBI+WHO","UK born",232427
"998",2011,"M",12,"BLA+BAN+BLC+OBL","UK born",5885
"999",2011,"M",12,"BLA+BAN+BLC+OBL","Non-UK born",5018
"1000",2011,"M",12,"CHI+OAS","Non-UK born",1024
"1001",2011,"M",12,"CHI+OAS","UK born",5659
"1002",2011,"M",12,"IND","Non-UK born",2409
"1003",2011,"M",12,"IND","UK born",5278
"1004",2011,"M",12,"MIX","Non-UK born",575
"1005",2011,"M",12,"MIX","UK born",13505
"1006",2011,"M",12,"OTH","UK born",1366
"1007",2011,"M",12,"OTH","Non-UK born",2134
"1008",2011,"M",12,"PAK","Non-UK born",1028
"1009",2011,"M",12,"PAK","UK born",9401
"1010",2011,"M",12,"WBI+WHO","UK born",245405
"1011",2011,"M",12,"WBI+WHO","Non-UK born",9596
"1012",2011,"M",13,"BLA+BAN+BLC+OBL","Non-UK born",2913
"1013",2011,"M",13,"BLA+BAN+BLC+OBL","UK born",8153
"1014",2011,"M",13,"CHI+OAS","UK born",3304
"1015",2011,"M",13,"CHI+OAS","Non-UK born",3738
"1016",2011,"M",13,"IND","UK born",5675
"1017",2011,"M",13,"IND","Non-UK born",1906
"1018",2011,"M",13,"MIX","Non-UK born",651
"1019",2011,"M",13,"MIX","UK born",13508
"1020",2011,"M",13,"OTH","Non-UK born",1589
"1021",2011,"M",13,"OTH","UK born",1888
"1022",2011,"M",13,"PAK","Non-UK born",1643
"1023",2011,"M",13,"PAK","UK born",8364
"1024",2011,"M",13,"WBI+WHO","UK born",251595
"1025",2011,"M",13,"WBI+WHO","Non-UK born",7046
"1026",2011,"M",14,"BLA+BAN+BLC+OBL","Non-UK born",4738
"1027",2011,"M",14,"BLA+BAN+BLC+OBL","UK born",6289
"1028",2011,"M",14,"CHI+OAS","Non-UK born",5277
"1029",2011,"M",14,"CHI+OAS","UK born",2168
"1030",2011,"M",14,"IND","Non-UK born",729
"1031",2011,"M",14,"IND","UK born",7008
"1032",2011,"M",14,"MIX","Non-UK born",1567
"1033",2011,"M",14,"MIX","UK born",12253
"1034",2011,"M",14,"OTH","Non-UK born",452
"1035",2011,"M",14,"OTH","UK born",3204
"1036",2011,"M",14,"PAK","Non-UK born",759
"1037",2011,"M",14,"PAK","UK born",8842
"1038",2011,"M",14,"WBI+WHO","Non-UK born",12097
"1039",2011,"M",14,"WBI+WHO","UK born",255476
"1040",2011,"M",15,"BLA+BAN+BLC+OBL","Non-UK born",4432
"1041",2011,"M",15,"BLA+BAN+BLC+OBL","UK born",6499
"1042",2011,"M",15,"CHI+OAS","UK born",3645
"1043",2011,"M",15,"CHI+OAS","Non-UK born",4010
"1044",2011,"M",15,"IND","Non-UK born",1929
"1045",2011,"M",15,"IND","UK born",6041
"1046",2011,"M",15,"MIX","Non-UK born",762
"1047",2011,"M",15,"MIX","UK born",12606
"1048",2011,"M",15,"OTH","Non-UK born",608
"1049",2011,"M",15,"OTH","UK born",2936
"1050",2011,"M",15,"PAK","Non-UK born",2423
"1051",2011,"M",15,"PAK","UK born",7088
"1052",2011,"M",15,"WBI+WHO","Non-UK born",8986
"1053",2011,"M",15,"WBI+WHO","UK born",261399
"1054",2011,"M",16,"BLA+BAN+BLC+OBL","Non-UK born",2919
"1055",2011,"M",16,"BLA+BAN+BLC+OBL","UK born",7681
"1056",2011,"M",16,"CHI+OAS","Non-UK born",5870
"1057",2011,"M",16,"CHI+OAS","UK born",2342
"1058",2011,"M",16,"IND","Non-UK born",1757
"1059",2011,"M",16,"IND","UK born",6002
"1060",2011,"M",16,"MIX","Non-UK born",1776
"1061",2011,"M",16,"MIX","UK born",11015
"1062",2011,"M",16,"OTH","Non-UK born",2277
"1063",2011,"M",16,"OTH","UK born",1654
"1064",2011,"M",16,"PAK","Non-UK born",2276
"1065",2011,"M",16,"PAK","UK born",7111
"1066",2011,"M",16,"WBI+WHO","Non-UK born",6781
"1067",2011,"M",16,"WBI+WHO","UK born",262992
"1068",2011,"M",17,"BLA+BAN+BLC+OBL","Non-UK born",3505
"1069",2011,"M",17,"BLA+BAN+BLC+OBL","UK born",6814
"1070",2011,"M",17,"CHI+OAS","UK born",3915
"1071",2011,"M",17,"CHI+OAS","Non-UK born",5522
"1072",2011,"M",17,"IND","Non-UK born",1830
"1073",2011,"M",17,"IND","UK born",6234
"1074",2011,"M",17,"MIX","UK born",11267
"1075",2011,"M",17,"MIX","Non-UK born",1968
"1076",2011,"M",17,"OTH","Non-UK born",2756
"1077",2011,"M",17,"OTH","UK born",1360
"1078",2011,"M",17,"PAK","Non-UK born",2584
"1079",2011,"M",17,"PAK","UK born",6800
"1080",2011,"M",17,"WBI+WHO","Non-UK born",13097
"1081",2011,"M",17,"WBI+WHO","UK born",267050
"1082",2011,"M",18,"BLA+BAN+BLC+OBL","Non-UK born",4817
"1083",2011,"M",18,"BLA+BAN+BLC+OBL","UK born",5088
"1084",2011,"M",18,"CHI+OAS","Non-UK born",8047
"1085",2011,"M",18,"CHI+OAS","UK born",1874
"1086",2011,"M",18,"IND","Non-UK born",1532
"1087",2011,"M",18,"IND","UK born",7072
"1088",2011,"M",18,"MIX","UK born",12260
"1089",2011,"M",18,"OTH","UK born",1988
"1090",2011,"M",18,"OTH","Non-UK born",2198
"1091",2011,"M",18,"PAK","UK born",6238
"1092",2011,"M",18,"PAK","Non-UK born",3076
"1093",2011,"M",18,"WBI+WHO","Non-UK born",8617
"1094",2011,"M",18,"WBI+WHO","UK born",272616
"1095",2011,"M",19,"BLA+BAN+BLC+OBL","UK born",6407
"1096",2011,"M",19,"BLA+BAN+BLC+OBL","Non-UK born",3513
"1097",2011,"M",19,"CHI+OAS","UK born",1809
"1098",2011,"M",19,"CHI+OAS","Non-UK born",9024
"1099",2011,"M",19,"IND","Non-UK born",2871
"1100",2011,"M",19,"IND","UK born",6783
"1101",2011,"M",19,"MIX","UK born",11866
"1102",2011,"M",19,"OTH","UK born",1975
"1103",2011,"M",19,"OTH","Non-UK born",2559
"1104",2011,"M",19,"PAK","Non-UK born",1213
"1105",2011,"M",19,"PAK","UK born",8360
"1106",2011,"M",19,"WBI+WHO","Non-UK born",13841
"1107",2011,"M",19,"WBI+WHO","UK born",275362
"1108",2011,"M",2,"BLA+BAN+BLC+OBL","Non-UK born",824
"1109",2011,"M",2,"BLA+BAN+BLC+OBL","UK born",11017
"1110",2011,"M",2,"CHI+OAS","UK born",7424
"1111",2011,"M",2,"CHI+OAS","Non-UK born",1051
"1112",2011,"M",2,"IND","Non-UK born",585
"1113",2011,"M",2,"IND","UK born",9531
"1114",2011,"M",2,"MIX","UK born",20896
"1115",2011,"M",2,"MIX","Non-UK born",1087
"1116",2011,"M",2,"OTH","Non-UK born",797
"1117",2011,"M",2,"OTH","UK born",4067
"1118",2011,"M",2,"PAK","UK born",13424
"1119",2011,"M",2,"WBI+WHO","UK born",252304
"1120",2011,"M",2,"WBI+WHO","Non-UK born",4342
"1121",2011,"M",20,"BLA+BAN+BLC+OBL","Non-UK born",5611
"1122",2011,"M",20,"BLA+BAN+BLC+OBL","UK born",4903
"1123",2011,"M",20,"CHI+OAS","Non-UK born",7020
"1124",2011,"M",20,"CHI+OAS","UK born",6841
"1125",2011,"M",20,"IND","UK born",7037
"1126",2011,"M",20,"IND","Non-UK born",3181
"1127",2011,"M",20,"MIX","Non-UK born",4255
"1128",2011,"M",20,"MIX","UK born",8235
"1129",2011,"M",20,"OTH","Non-UK born",5596
"1130",2011,"M",20,"PAK","Non-UK born",6759
"1131",2011,"M",20,"PAK","UK born",2870
"1132",2011,"M",20,"WBI+WHO","UK born",285819
"1133",2011,"M",20,"WBI+WHO","Non-UK born",11742
"1134",2011,"M",21,"BLA+BAN+BLC+OBL","UK born",6716
"1135",2011,"M",21,"BLA+BAN+BLC+OBL","Non-UK born",3708
"1136",2011,"M",21,"CHI+OAS","UK born",1350
"1137",2011,"M",21,"CHI+OAS","Non-UK born",14404
"1138",2011,"M",21,"IND","Non-UK born",5633
"1139",2011,"M",21,"IND","UK born",5656
"1140",2011,"M",21,"MIX","Non-UK born",1128
"1141",2011,"M",21,"MIX","UK born",10612
"1142",2011,"M",21,"OTH","Non-UK born",5677
"1143",2011,"M",21,"OTH","UK born",445
"1144",2011,"M",21,"PAK","Non-UK born",3121
"1145",2011,"M",21,"PAK","UK born",6881
"1146",2011,"M",21,"WBI+WHO","Non-UK born",18258
"1147",2011,"M",21,"WBI+WHO","UK born",273504
"1148",2011,"M",22,"BLA+BAN+BLC+OBL","Non-UK born",6652
"1149",2011,"M",22,"BLA+BAN+BLC+OBL","UK born",3285
"1150",2011,"M",22,"CHI+OAS","Non-UK born",16289
"1151",2011,"M",22,"IND","Non-UK born",5729
"1152",2011,"M",22,"IND","UK born",7206
"1153",2011,"M",22,"MIX","Non-UK born",1647
"1154",2011,"M",22,"MIX","UK born",9496
"1155",2011,"M",22,"OTH","Non-UK born",3445
"1156",2011,"M",22,"OTH","UK born",2269
"1157",2011,"M",22,"PAK","Non-UK born",3765
"1158",2011,"M",22,"PAK","UK born",6200
"1159",2011,"M",22,"WBI+WHO","UK born",268715
"1160",2011,"M",22,"WBI+WHO","Non-UK born",19034
"1161",2011,"M",23,"BLA+BAN+BLC+OBL","Non-UK born",8984
"1162",2011,"M",23,"BLA+BAN+BLC+OBL","UK born",1226
"1163",2011,"M",23,"CHI+OAS","Non-UK born",14241
"1164",2011,"M",23,"CHI+OAS","UK born",859
"1165",2011,"M",23,"IND","Non-UK born",8119
"1166",2011,"M",23,"IND","UK born",6256
"1167",2011,"M",23,"MIX","UK born",10726
"1168",2011,"M",23,"OTH","Non-UK born",4175
"1169",2011,"M",23,"OTH","UK born",1240
"1170",2011,"M",23,"PAK","Non-UK born",5678
"1171",2011,"M",23,"PAK","UK born",4855
"1172",2011,"M",23,"WBI+WHO","Non-UK born",20240
"1173",2011,"M",23,"WBI+WHO","UK born",272218
"1174",2011,"M",24,"BLA+BAN+BLC+OBL","UK born",2409
"1175",2011,"M",24,"BLA+BAN+BLC+OBL","Non-UK born",7203
"1176",2011,"M",24,"CHI+OAS","UK born",882
"1177",2011,"M",24,"CHI+OAS","Non-UK born",12301
"1178",2011,"M",24,"IND","Non-UK born",8951
"1179",2011,"M",24,"IND","UK born",6048
"1180",2011,"M",24,"MIX","UK born",9879
"1181",2011,"M",24,"OTH","Non-UK born",5312
"1182",2011,"M",24,"PAK","UK born",6112
"1183",2011,"M",24,"PAK","Non-UK born",4666
"1184",2011,"M",24,"WBI+WHO","Non-UK born",21863
"1185",2011,"M",24,"WBI+WHO","UK born",262819
"1186",2011,"M",25,"BLA+BAN+BLC+OBL","UK born",1760
"1187",2011,"M",25,"BLA+BAN+BLC+OBL","Non-UK born",8413
"1188",2011,"M",25,"CHI+OAS","Non-UK born",6885
"1189",2011,"M",25,"CHI+OAS","UK born",6123
"1190",2011,"M",25,"IND","Non-UK born",7093
"1191",2011,"M",25,"IND","UK born",8718
"1192",2011,"M",25,"MIX","UK born",8139
"1193",2011,"M",25,"MIX","Non-UK born",2431
"1194",2011,"M",25,"OTH","Non-UK born",6856
"1195",2011,"M",25,"PAK","Non-UK born",5723
"1196",2011,"M",25,"PAK","UK born",5642
"1197",2011,"M",25,"WBI+WHO","Non-UK born",27024
"1198",2011,"M",25,"WBI+WHO","UK born",263873
"1199",2011,"M",26,"BLA+BAN+BLC+OBL","Non-UK born",6521
"1200",2011,"M",26,"BLA+BAN+BLC+OBL","UK born",3941
"1201",2011,"M",26,"CHI+OAS","UK born",3052
"1202",2011,"M",26,"CHI+OAS","Non-UK born",9706
"1203",2011,"M",26,"IND","UK born",6824
"1204",2011,"M",26,"IND","Non-UK born",9650
"1205",2011,"M",26,"MIX","Non-UK born",3637
"1206",2011,"M",26,"MIX","UK born",6440
"1207",2011,"M",26,"OTH","UK born",1633
"1208",2011,"M",26,"OTH","Non-UK born",5602
"1209",2011,"M",26,"PAK","UK born",8034
"1210",2011,"M",26,"PAK","Non-UK born",3509
"1211",2011,"M",26,"WBI+WHO","UK born",258089
"1212",2011,"M",26,"WBI+WHO","Non-UK born",35253
"1213",2011,"M",27,"BLA+BAN+BLC+OBL","Non-UK born",7270
"1214",2011,"M",27,"BLA+BAN+BLC+OBL","UK born",2836
"1215",2011,"M",27,"CHI+OAS","Non-UK born",7983
"1216",2011,"M",27,"CHI+OAS","UK born",4131
"1217",2011,"M",27,"IND","Non-UK born",9922
"1218",2011,"M",27,"IND","UK born",5758
"1219",2011,"M",27,"MIX","UK born",5202
"1220",2011,"M",27,"MIX","Non-UK born",4343
"1221",2011,"M",27,"OTH","Non-UK born",7043
"1222",2011,"M",27,"PAK","Non-UK born",5447
"1223",2011,"M",27,"PAK","UK born",6061
"1224",2011,"M",27,"WBI+WHO","Non-UK born",42603
"1225",2011,"M",27,"WBI+WHO","UK born",244683
"1226",2011,"M",28,"BLA+BAN+BLC+OBL","Non-UK born",6571
"1227",2011,"M",28,"BLA+BAN+BLC+OBL","UK born",3830
"1228",2011,"M",28,"CHI+OAS","UK born",2209
"1229",2011,"M",28,"CHI+OAS","Non-UK born",10071
"1230",2011,"M",28,"IND","UK born",6233
"1231",2011,"M",28,"IND","Non-UK born",9990
"1232",2011,"M",28,"MIX","UK born",3372
"1233",2011,"M",28,"MIX","Non-UK born",5956
"1234",2011,"M",28,"OTH","UK born",867
"1235",2011,"M",28,"OTH","Non-UK born",6274
"1236",2011,"M",28,"PAK","Non-UK born",10767
"1237",2011,"M",28,"PAK","UK born",1201
"1238",2011,"M",28,"WBI+WHO","Non-UK born",44541
"1239",2011,"M",28,"WBI+WHO","UK born",243771
"1240",2011,"M",29,"BLA+BAN+BLC+OBL","Non-UK born",6488
"1241",2011,"M",29,"BLA+BAN+BLC+OBL","UK born",3747
"1242",2011,"M",29,"CHI+OAS","Non-UK born",10239
"1243",2011,"M",29,"CHI+OAS","UK born",1665
"1244",2011,"M",29,"IND","Non-UK born",7194
"1245",2011,"M",29,"IND","UK born",9626
"1246",2011,"M",29,"MIX","Non-UK born",2248
"1247",2011,"M",29,"MIX","UK born",6626
"1248",2011,"M",29,"OTH","UK born",1060
"1249",2011,"M",29,"OTH","Non-UK born",6243
"1250",2011,"M",29,"PAK","Non-UK born",7417
"1251",2011,"M",29,"PAK","UK born",4436
"1252",2011,"M",29,"WBI+WHO","Non-UK born",48616
"1253",2011,"M",29,"WBI+WHO","UK born",241157
"1254",2011,"M",3,"BLA+BAN+BLC+OBL","Non-UK born",1702
"1255",2011,"M",3,"BLA+BAN+BLC+OBL","UK born",10943
"1256",2011,"M",3,"CHI+OAS","Non-UK born",574
"1257",2011,"M",3,"CHI+OAS","UK born",8075
"1258",2011,"M",3,"IND","UK born",9421
"1259",2011,"M",3,"IND","Non-UK born",820
"1260",2011,"M",3,"MIX","UK born",21455
"1261",2011,"M",3,"OTH","UK born",4238
"1262",2011,"M",3,"OTH","Non-UK born",733
"1263",2011,"M",3,"PAK","UK born",12466
"1264",2011,"M",3,"PAK","Non-UK born",1034
"1265",2011,"M",3,"WBI+WHO","Non-UK born",4304
"1266",2011,"M",3,"WBI+WHO","UK born",255583
"1267",2011,"M",30,"BLA+BAN+BLC+OBL","Non-UK born",7750
"1268",2011,"M",30,"BLA+BAN+BLC+OBL","UK born",2516
"1269",2011,"M",30,"CHI+OAS","Non-UK born",8680
"1270",2011,"M",30,"CHI+OAS","UK born",3067
"1271",2011,"M",30,"IND","Non-UK born",7699
"1272",2011,"M",30,"IND","UK born",8884
"1273",2011,"M",30,"MIX","UK born",8623
"1274",2011,"M",30,"OTH","UK born",2192
"1275",2011,"M",30,"OTH","Non-UK born",5440
"1276",2011,"M",30,"PAK","Non-UK born",4779
"1277",2011,"M",30,"PAK","UK born",7515
"1278",2011,"M",30,"WBI+WHO","Non-UK born",40136
"1279",2011,"M",30,"WBI+WHO","UK born",253042
"1280",2011,"M",31,"BLA+BAN+BLC+OBL","UK born",2568
"1281",2011,"M",31,"BLA+BAN+BLC+OBL","Non-UK born",7469
"1282",2011,"M",31,"CHI+OAS","Non-UK born",12488
"1283",2011,"M",31,"IND","Non-UK born",9166
"1284",2011,"M",31,"IND","UK born",7710
"1285",2011,"M",31,"MIX","Non-UK born",3237
"1286",2011,"M",31,"MIX","UK born",5159
"1287",2011,"M",31,"OTH","Non-UK born",6300
"1288",2011,"M",31,"OTH","UK born",1441
"1289",2011,"M",31,"PAK","Non-UK born",5370
"1290",2011,"M",31,"PAK","UK born",7058
"1291",2011,"M",31,"WBI+WHO","UK born",252141
"1292",2011,"M",31,"WBI+WHO","Non-UK born",42324
"1293",2011,"M",32,"BLA+BAN+BLC+OBL","Non-UK born",5865
"1294",2011,"M",32,"BLA+BAN+BLC+OBL","UK born",3901
"1295",2011,"M",32,"CHI+OAS","Non-UK born",6499
"1296",2011,"M",32,"CHI+OAS","UK born",5880
"1297",2011,"M",32,"IND","Non-UK born",8767
"1298",2011,"M",32,"IND","UK born",7871
"1299",2011,"M",32,"MIX","UK born",7879
"1300",2011,"M",32,"OTH","Non-UK born",7765
"1301",2011,"M",32,"PAK","Non-UK born",5421
"1302",2011,"M",32,"PAK","UK born",6509
"1303",2011,"M",32,"WBI+WHO","Non-UK born",47333
"1304",2011,"M",32,"WBI+WHO","UK born",235055
"1305",2011,"M",33,"BLA+BAN+BLC+OBL","Non-UK born",7938
"1306",2011,"M",33,"BLA+BAN+BLC+OBL","UK born",1593
"1307",2011,"M",33,"CHI+OAS","Non-UK born",11985
"1308",2011,"M",33,"IND","Non-UK born",12563
"1309",2011,"M",33,"IND","UK born",2838
"1310",2011,"M",33,"MIX","Non-UK born",2636
"1311",2011,"M",33,"MIX","UK born",4555
"1312",2011,"M",33,"OTH","Non-UK born",6818
"1313",2011,"M",33,"OTH","UK born",656
"1314",2011,"M",33,"PAK","UK born",2154
"1315",2011,"M",33,"PAK","Non-UK born",9019
"1316",2011,"M",33,"WBI+WHO","Non-UK born",36041
"1317",2011,"M",33,"WBI+WHO","UK born",226988
"1318",2011,"M",34,"BLA+BAN+BLC+OBL","Non-UK born",6679
"1319",2011,"M",34,"BLA+BAN+BLC+OBL","UK born",2757
"1320",2011,"M",34,"CHI+OAS","Non-UK born",8421
"1321",2011,"M",34,"CHI+OAS","UK born",3932
"1322",2011,"M",34,"IND","Non-UK born",9243
"1323",2011,"M",34,"IND","UK born",6074
"1324",2011,"M",34,"MIX","UK born",6803
"1325",2011,"M",34,"OTH","Non-UK born",6333
"1326",2011,"M",34,"OTH","UK born",834
"1327",2011,"M",34,"PAK","Non-UK born",7701
"1328",2011,"M",34,"PAK","UK born",3140
"1329",2011,"M",34,"WBI+WHO","Non-UK born",38763
"1330",2011,"M",34,"WBI+WHO","UK born",220004
"1331",2011,"M",35,"BLA+BAN+BLC+OBL","Non-UK born",6860
"1332",2011,"M",35,"BLA+BAN+BLC+OBL","UK born",2440
"1333",2011,"M",35,"CHI+OAS","UK born",547
"1334",2011,"M",35,"CHI+OAS","Non-UK born",11391
"1335",2011,"M",35,"IND","UK born",4355
"1336",2011,"M",35,"IND","Non-UK born",10260
"1337",2011,"M",35,"MIX","Non-UK born",4065
"1338",2011,"M",35,"MIX","UK born",2324
"1339",2011,"M",35,"OTH","Non-UK born",6543
"1340",2011,"M",35,"PAK","UK born",1993
"1341",2011,"M",35,"PAK","Non-UK born",7927
"1342",2011,"M",35,"WBI+WHO","Non-UK born",33181
"1343",2011,"M",35,"WBI+WHO","UK born",232510
"1344",2011,"M",36,"BLA+BAN+BLC+OBL","Non-UK born",6363
"1345",2011,"M",36,"BLA+BAN+BLC+OBL","UK born",2582
"1346",2011,"M",36,"CHI+OAS","Non-UK born",11143
"1347",2011,"M",36,"CHI+OAS","UK born",924
"1348",2011,"M",36,"IND","Non-UK born",8560
"1349",2011,"M",36,"IND","UK born",4762
"1350",2011,"M",36,"MIX","UK born",3399
"1351",2011,"M",36,"MIX","Non-UK born",2464
"1352",2011,"M",36,"OTH","Non-UK born",6504
"1353",2011,"M",36,"PAK","Non-UK born",7087
"1354",2011,"M",36,"PAK","UK born",1878
"1355",2011,"M",36,"WBI+WHO","Non-UK born",36088
"1356",2011,"M",36,"WBI+WHO","UK born",238928
"1357",2011,"M",37,"BLA+BAN+BLC+OBL","Non-UK born",8094
"1358",2011,"M",37,"BLA+BAN+BLC+OBL","UK born",1271
"1359",2011,"M",37,"CHI+OAS","Non-UK born",11737
"1360",2011,"M",37,"IND","UK born",3398
"1361",2011,"M",37,"IND","Non-UK born",9137
"1362",2011,"M",37,"MIX","Non-UK born",4868
"1363",2011,"M",37,"MIX","UK born",849
"1364",2011,"M",37,"OTH","Non-UK born",5873
"1365",2011,"M",37,"OTH","UK born",428
"1366",2011,"M",37,"PAK","Non-UK born",5312
"1367",2011,"M",37,"PAK","UK born",3757
"1368",2011,"M",37,"WBI+WHO","Non-UK born",29625
"1369",2011,"M",37,"WBI+WHO","UK born",252111
"1370",2011,"M",38,"BLA+BAN+BLC+OBL","UK born",2779
"1371",2011,"M",38,"BLA+BAN+BLC+OBL","Non-UK born",6166
"1372",2011,"M",38,"CHI+OAS","Non-UK born",11146
"1373",2011,"M",38,"IND","Non-UK born",7092
"1374",2011,"M",38,"IND","UK born",5183
"1375",2011,"M",38,"MIX","UK born",3150
"1376",2011,"M",38,"MIX","Non-UK born",2761
"1377",2011,"M",38,"OTH","UK born",732
"1378",2011,"M",38,"OTH","Non-UK born",5237
"1379",2011,"M",38,"PAK","Non-UK born",5642
"1380",2011,"M",38,"PAK","UK born",3263
"1381",2011,"M",38,"WBI+WHO","Non-UK born",25271
"1382",2011,"M",38,"WBI+WHO","UK born",272890
"1383",2011,"M",39,"BLA+BAN+BLC+OBL","Non-UK born",7341
"1384",2011,"M",39,"BLA+BAN+BLC+OBL","UK born",2410
"1385",2011,"M",39,"CHI+OAS","UK born",916
"1386",2011,"M",39,"CHI+OAS","Non-UK born",10006
"1387",2011,"M",39,"IND","Non-UK born",7505
"1388",2011,"M",39,"IND","UK born",4116
"1389",2011,"M",39,"MIX","UK born",5955
"1390",2011,"M",39,"OTH","Non-UK born",4766
"1391",2011,"M",39,"OTH","UK born",604
"1392",2011,"M",39,"PAK","UK born",5145
"1393",2011,"M",39,"PAK","Non-UK born",3335
"1394",2011,"M",39,"WBI+WHO","UK born",288096
"1395",2011,"M",39,"WBI+WHO","Non-UK born",27406
"1396",2011,"M",4,"BLA+BAN+BLC+OBL","UK born",11264
"1397",2011,"M",4,"BLA+BAN+BLC+OBL","Non-UK born",945
"1398",2011,"M",4,"CHI+OAS","UK born",4220
"1399",2011,"M",4,"CHI+OAS","Non-UK born",4092
"1400",2011,"M",4,"IND","Non-UK born",1393
"1401",2011,"M",4,"IND","UK born",8443
"1402",2011,"M",4,"MIX","Non-UK born",607
"1403",2011,"M",4,"MIX","UK born",19899
"1404",2011,"M",4,"OTH","Non-UK born",586
"1405",2011,"M",4,"OTH","UK born",4316
"1406",2011,"M",4,"PAK","Non-UK born",714
"1407",2011,"M",4,"PAK","UK born",12190
"1408",2011,"M",4,"WBI+WHO","Non-UK born",5670
"1409",2011,"M",4,"WBI+WHO","UK born",247007
"1410",2011,"M",40,"BLA+BAN+BLC+OBL","Non-UK born",7902
"1411",2011,"M",40,"BLA+BAN+BLC+OBL","UK born",2122
"1412",2011,"M",40,"CHI+OAS","Non-UK born",8300
"1413",2011,"M",40,"CHI+OAS","UK born",1637
"1414",2011,"M",40,"IND","Non-UK born",5230
"1415",2011,"M",40,"IND","UK born",5777
"1416",2011,"M",40,"MIX","Non-UK born",1872
"1417",2011,"M",40,"MIX","UK born",3997
"1418",2011,"M",40,"OTH","Non-UK born",5207
"1419",2011,"M",40,"PAK","Non-UK born",4732
"1420",2011,"M",40,"PAK","UK born",3609
"1421",2011,"M",40,"WBI+WHO","Non-UK born",28503
"1422",2011,"M",40,"WBI+WHO","UK born",296983
"1423",2011,"M",41,"BLA+BAN+BLC+OBL","Non-UK born",5196
"1424",2011,"M",41,"BLA+BAN+BLC+OBL","UK born",5177
"1425",2011,"M",41,"CHI+OAS","Non-UK born",9333
"1426",2011,"M",41,"IND","UK born",4673
"1427",2011,"M",41,"IND","Non-UK born",6265
"1428",2011,"M",41,"MIX","Non-UK born",1966
"1429",2011,"M",41,"MIX","UK born",3656
"1430",2011,"M",41,"OTH","Non-UK born",4976
"1431",2011,"M",41,"PAK","Non-UK born",5337
"1432",2011,"M",41,"PAK","UK born",2762
"1433",2011,"M",41,"WBI+WHO","Non-UK born",26378
"1434",2011,"M",41,"WBI+WHO","UK born",291589
"1435",2011,"M",42,"BLA+BAN+BLC+OBL","Non-UK born",8201
"1436",2011,"M",42,"BLA+BAN+BLC+OBL","UK born",2283
"1437",2011,"M",42,"CHI+OAS","UK born",2644
"1438",2011,"M",42,"CHI+OAS","Non-UK born",6155
"1439",2011,"M",42,"IND","Non-UK born",5377
"1440",2011,"M",42,"IND","UK born",5083
"1441",2011,"M",42,"MIX","UK born",5647
"1442",2011,"M",42,"OTH","Non-UK born",4742
"1443",2011,"M",42,"PAK","Non-UK born",5391
"1444",2011,"M",42,"PAK","UK born",2222
"1445",2011,"M",42,"WBI+WHO","Non-UK born",26351
"1446",2011,"M",42,"WBI+WHO","UK born",301693
"1447",2011,"M",43,"BLA+BAN+BLC+OBL","Non-UK born",5536
"1448",2011,"M",43,"BLA+BAN+BLC+OBL","UK born",5228
"1449",2011,"M",43,"CHI+OAS","Non-UK born",7946
"1450",2011,"M",43,"IND","Non-UK born",4982
"1451",2011,"M",43,"IND","UK born",4733
"1452",2011,"M",43,"MIX","UK born",4159
"1453",2011,"M",43,"MIX","Non-UK born",1365
"1454",2011,"M",43,"OTH","Non-UK born",4603
"1455",2011,"M",43,"PAK","Non-UK born",6144
"1456",2011,"M",43,"PAK","UK born",832
"1457",2011,"M",43,"WBI+WHO","Non-UK born",25145
"1458",2011,"M",43,"WBI+WHO","UK born",305843
"1459",2011,"M",44,"BLA+BAN+BLC+OBL","UK born",4582
"1460",2011,"M",44,"BLA+BAN+BLC+OBL","Non-UK born",6071
"1461",2011,"M",44,"CHI+OAS","Non-UK born",6183
"1462",2011,"M",44,"CHI+OAS","UK born",1270
"1463",2011,"M",44,"IND","Non-UK born",4505
"1464",2011,"M",44,"IND","UK born",4390
"1465",2011,"M",44,"MIX","Non-UK born",1280
"1466",2011,"M",44,"MIX","UK born",4128
"1467",2011,"M",44,"OTH","Non-UK born",3803
"1468",2011,"M",44,"OTH","UK born",436
"1469",2011,"M",44,"PAK","Non-UK born",4103
"1470",2011,"M",44,"PAK","UK born",1749
"1471",2011,"M",44,"WBI+WHO","Non-UK born",24352
"1472",2011,"M",44,"WBI+WHO","UK born",316890
"1473",2011,"M",45,"BLA+BAN+BLC+OBL","Non-UK born",6475
"1474",2011,"M",45,"BLA+BAN+BLC+OBL","UK born",3998
"1475",2011,"M",45,"CHI+OAS","Non-UK born",7429
"1476",2011,"M",45,"IND","Non-UK born",5686
"1477",2011,"M",45,"IND","UK born",2762
"1478",2011,"M",45,"MIX","Non-UK born",3646
"1479",2011,"M",45,"MIX","UK born",1526
"1480",2011,"M",45,"OTH","Non-UK born",4099
"1481",2011,"M",45,"PAK","UK born",1657
"1482",2011,"M",45,"PAK","Non-UK born",3479
"1483",2011,"M",45,"WBI+WHO","UK born",310874
"1484",2011,"M",45,"WBI+WHO","Non-UK born",30417
"1485",2011,"M",46,"BLA+BAN+BLC+OBL","UK born",3713
"1486",2011,"M",46,"BLA+BAN+BLC+OBL","Non-UK born",6836
"1487",2011,"M",46,"CHI+OAS","Non-UK born",7027
"1488",2011,"M",46,"IND","Non-UK born",4424
"1489",2011,"M",46,"IND","UK born",3741
"1490",2011,"M",46,"MIX","UK born",5213
"1491",2011,"M",46,"OTH","Non-UK born",3516
"1492",2011,"M",46,"OTH","UK born",343
"1493",2011,"M",46,"PAK","Non-UK born",4592
"1494",2011,"M",46,"WBI+WHO","Non-UK born",27275
"1495",2011,"M",46,"WBI+WHO","UK born",318231
"1496",2011,"M",47,"BLA+BAN+BLC+OBL","Non-UK born",5767
"1497",2011,"M",47,"BLA+BAN+BLC+OBL","UK born",5416
"1498",2011,"M",47,"CHI+OAS","Non-UK born",5806
"1499",2011,"M",47,"CHI+OAS","UK born",822
"1500",2011,"M",47,"IND","UK born",1859
"1501",2011,"M",47,"IND","Non-UK born",6373
"1502",2011,"M",47,"MIX","Non-UK born",3029
"1503",2011,"M",47,"MIX","UK born",1778
"1504",2011,"M",47,"OTH","Non-UK born",3758
"1505",2011,"M",47,"PAK","Non-UK born",4113
"1506",2011,"M",47,"WBI+WHO","Non-UK born",21837
"1507",2011,"M",47,"WBI+WHO","UK born",322060
"1508",2011,"M",48,"BLA+BAN+BLC+OBL","Non-UK born",4825
"1509",2011,"M",48,"BLA+BAN+BLC+OBL","UK born",5948
"1510",2011,"M",48,"CHI+OAS","Non-UK born",6653
"1511",2011,"M",48,"IND","UK born",762
"1512",2011,"M",48,"IND","Non-UK born",7323
"1513",2011,"M",48,"MIX","Non-UK born",2250
"1514",2011,"M",48,"MIX","UK born",2219
"1515",2011,"M",48,"OTH","Non-UK born",2734
"1516",2011,"M",48,"OTH","UK born",834
"1517",2011,"M",48,"PAK","Non-UK born",4032
"1518",2011,"M",48,"WBI+WHO","Non-UK born",18731
"1519",2011,"M",48,"WBI+WHO","UK born",319010
"1520",2011,"M",49,"BLA+BAN+BLC+OBL","Non-UK born",8248
"1521",2011,"M",49,"BLA+BAN+BLC+OBL","UK born",1388
"1522",2011,"M",49,"CHI+OAS","Non-UK born",6263
"1523",2011,"M",49,"IND","Non-UK born",7431
"1524",2011,"M",49,"IND","UK born",731
"1525",2011,"M",49,"MIX","UK born",2926
"1526",2011,"M",49,"MIX","Non-UK born",1208
"1527",2011,"M",49,"OTH","Non-UK born",1350
"1528",2011,"M",49,"OTH","UK born",1966
"1529",2011,"M",49,"PAK","Non-UK born",4402
"1530",2011,"M",49,"WBI+WHO","Non-UK born",16084
"1531",2011,"M",49,"WBI+WHO","UK born",317197
"1532",2011,"M",5,"BLA+BAN+BLC+OBL","UK born",11297
"1533",2011,"M",5,"BLA+BAN+BLC+OBL","Non-UK born",814
"1534",2011,"M",5,"CHI+OAS","Non-UK born",2288
"1535",2011,"M",5,"CHI+OAS","UK born",5658
"1536",2011,"M",5,"IND","Non-UK born",1119
"1537",2011,"M",5,"IND","UK born",8182
"1538",2011,"M",5,"MIX","Non-UK born",1152
"1539",2011,"M",5,"MIX","UK born",17638
"1540",2011,"M",5,"OTH","UK born",4416
"1541",2011,"M",5,"OTH","Non-UK born",510
"1542",2011,"M",5,"PAK","Non-UK born",1006
"1543",2011,"M",5,"PAK","UK born",12140
"1544",2011,"M",5,"WBI+WHO","Non-UK born",5675
"1545",2011,"M",5,"WBI+WHO","UK born",242568
"1546",2011,"M",50,"BLA+BAN+BLC+OBL","Non-UK born",7379
"1547",2011,"M",50,"BLA+BAN+BLC+OBL","UK born",827
"1548",2011,"M",50,"CHI+OAS","Non-UK born",6151
"1549",2011,"M",50,"IND","Non-UK born",7202
"1550",2011,"M",50,"IND","UK born",1171
"1551",2011,"M",50,"MIX","UK born",3728
"1552",2011,"M",50,"OTH","Non-UK born",3252
"1553",2011,"M",50,"PAK","Non-UK born",4247
"1554",2011,"M",50,"WBI+WHO","Non-UK born",18818
"1555",2011,"M",50,"WBI+WHO","UK born",303192
"1556",2011,"M",51,"BLA+BAN+BLC+OBL","Non-UK born",6656
"1557",2011,"M",51,"BLA+BAN+BLC+OBL","UK born",1228
"1558",2011,"M",51,"CHI+OAS","Non-UK born",5496
"1559",2011,"M",51,"IND","Non-UK born",8246
"1560",2011,"M",51,"MIX","UK born",2546
"1561",2011,"M",51,"MIX","Non-UK born",791
"1562",2011,"M",51,"OTH","Non-UK born",2736
"1563",2011,"M",51,"OTH","UK born",341
"1564",2011,"M",51,"PAK","Non-UK born",4230
"1565",2011,"M",51,"WBI+WHO","UK born",296371
"1566",2011,"M",51,"WBI+WHO","Non-UK born",13405
"1567",2011,"M",52,"BLA+BAN+BLC+OBL","Non-UK born",4807
"1568",2011,"M",52,"BLA+BAN+BLC+OBL","UK born",2393
"1569",2011,"M",52,"CHI+OAS","Non-UK born",5342
"1570",2011,"M",52,"IND","Non-UK born",7486
"1571",2011,"M",52,"IND","UK born",506
"1572",2011,"M",52,"MIX","Non-UK born",1025
"1573",2011,"M",52,"MIX","UK born",1992
"1574",2011,"M",52,"OTH","Non-UK born",2140
"1575",2011,"M",52,"OTH","UK born",614
"1576",2011,"M",52,"PAK","Non-UK born",4073
"1577",2011,"M",52,"WBI+WHO","Non-UK born",14715
"1578",2011,"M",52,"WBI+WHO","UK born",290057
"1579",2011,"M",53,"BLA+BAN+BLC+OBL","UK born",2630
"1580",2011,"M",53,"BLA+BAN+BLC+OBL","Non-UK born",4019
"1581",2011,"M",53,"CHI+OAS","Non-UK born",5035
"1582",2011,"M",53,"IND","Non-UK born",6968
"1583",2011,"M",53,"IND","UK born",915
"1584",2011,"M",53,"MIX","Non-UK born",1672
"1585",2011,"M",53,"MIX","UK born",1023
"1586",2011,"M",53,"OTH","UK born",612
"1587",2011,"M",53,"OTH","Non-UK born",2027
"1588",2011,"M",53,"PAK","Non-UK born",4078
"1589",2011,"M",53,"WBI+WHO","UK born",281739
"1590",2011,"M",53,"WBI+WHO","Non-UK born",17764
"1591",2011,"M",54,"BLA+BAN+BLC+OBL","Non-UK born",5046
"1592",2011,"M",54,"BLA+BAN+BLC+OBL","UK born",788
"1593",2011,"M",54,"CHI+OAS","Non-UK born",4871
"1594",2011,"M",54,"IND","Non-UK born",7995
"1595",2011,"M",54,"MIX","Non-UK born",1039
"1596",2011,"M",54,"MIX","UK born",1392
"1597",2011,"M",54,"OTH","UK born",342
"1598",2011,"M",54,"OTH","Non-UK born",2151
"1599",2011,"M",54,"PAK","Non-UK born",4107
"1600",2011,"M",54,"WBI+WHO","UK born",267983
"1601",2011,"M",54,"WBI+WHO","Non-UK born",20140
"1602",2011,"M",55,"BLA+BAN+BLC+OBL","UK born",1072
"1603",2011,"M",55,"BLA+BAN+BLC+OBL","Non-UK born",3974
"1604",2011,"M",55,"CHI+OAS","Non-UK born",4685
"1605",2011,"M",55,"IND","Non-UK born",8010
"1606",2011,"M",55,"MIX","Non-UK born",2207
"1607",2011,"M",55,"OTH","Non-UK born",2518
"1608",2011,"M",55,"PAK","Non-UK born",3844
"1609",2011,"M",55,"WBI+WHO","Non-UK born",13012
"1610",2011,"M",55,"WBI+WHO","UK born",266491
"1611",2011,"M",56,"BLA+BAN+BLC+OBL","Non-UK born",2961
"1612",2011,"M",56,"BLA+BAN+BLC+OBL","UK born",1294
"1613",2011,"M",56,"CHI+OAS","Non-UK born",4375
"1614",2011,"M",56,"IND","Non-UK born",7861
"1615",2011,"M",56,"OTH","Non-UK born",2291
"1616",2011,"M",56,"PAK","Non-UK born",3610
"1617",2011,"M",56,"WBI+WHO","UK born",256212
"1618",2011,"M",56,"WBI+WHO","Non-UK born",13731
"1619",2011,"M",57,"BLA+BAN+BLC+OBL","Non-UK born",3897
"1620",2011,"M",57,"CHI+OAS","Non-UK born",4116
"1621",2011,"M",57,"IND","Non-UK born",7351
"1622",2011,"M",57,"MIX","UK born",1710
"1623",2011,"M",57,"OTH","Non-UK born",2186
"1624",2011,"M",57,"PAK","Non-UK born",3452
"1625",2011,"M",57,"WBI+WHO","Non-UK born",13074
"1626",2011,"M",57,"WBI+WHO","UK born",259887
"1627",2011,"M",58,"BLA+BAN+BLC+OBL","Non-UK born",3431
"1628",2011,"M",58,"CHI+OAS","Non-UK born",3838
"1629",2011,"M",58,"IND","Non-UK born",7377
"1630",2011,"M",58,"MIX","Non-UK born",1738
"1631",2011,"M",58,"OTH","Non-UK born",1575
"1632",2011,"M",58,"OTH","UK born",412
"1633",2011,"M",58,"WBI+WHO","Non-UK born",13691
"1634",2011,"M",58,"WBI+WHO","UK born",256889
"1635",2011,"M",59,"BLA+BAN+BLC+OBL","Non-UK born",2849
"1636",2011,"M",59,"CHI+OAS","Non-UK born",3745
"1637",2011,"M",59,"IND","Non-UK born",6538
"1638",2011,"M",59,"MIX","Non-UK born",740
"1639",2011,"M",59,"MIX","UK born",760
"1640",2011,"M",59,"OTH","Non-UK born",1913
"1641",2011,"M",59,"PAK","Non-UK born",3473
"1642",2011,"M",59,"WBI+WHO","Non-UK born",15502
"1643",2011,"M",59,"WBI+WHO","UK born",248901
"1644",2011,"M",6,"BLA+BAN+BLC+OBL","UK born",9885
"1645",2011,"M",6,"BLA+BAN+BLC+OBL","Non-UK born",2042
"1646",2011,"M",6,"CHI+OAS","UK born",7463
"1647",2011,"M",6,"IND","UK born",5808
"1648",2011,"M",6,"IND","Non-UK born",2916
"1649",2011,"M",6,"MIX","Non-UK born",977
"1650",2011,"M",6,"MIX","UK born",16259
"1651",2011,"M",6,"OTH","UK born",4351
"1652",2011,"M",6,"PAK","Non-UK born",737
"1653",2011,"M",6,"PAK","UK born",11705
"1654",2011,"M",6,"WBI+WHO","UK born",230480
"1655",2011,"M",6,"WBI+WHO","Non-UK born",8724
"1656",2011,"M",60,"BLA+BAN+BLC+OBL","Non-UK born",2359
"1657",2011,"M",60,"CHI+OAS","Non-UK born",3509
"1658",2011,"M",60,"IND","Non-UK born",5775
"1659",2011,"M",60,"IND","UK born",361
"1660",2011,"M",60,"MIX","UK born",950
"1661",2011,"M",60,"MIX","Non-UK born",485
"1662",2011,"M",60,"OTH","Non-UK born",931
"1663",2011,"M",60,"OTH","UK born",874
"1664",2011,"M",60,"PAK","Non-UK born",2732
"1665",2011,"M",60,"WBI+WHO","UK born",256834
"1666",2011,"M",60,"WBI+WHO","Non-UK born",11949
"1667",2011,"M",61,"BLA+BAN+BLC+OBL","Non-UK born",2102
"1668",2011,"M",61,"CHI+OAS","Non-UK born",3248
"1669",2011,"M",61,"IND","Non-UK born",5687
"1670",2011,"M",61,"OTH","Non-UK born",1676
"1671",2011,"M",61,"PAK","Non-UK born",2150
"1672",2011,"M",61,"WBI+WHO","Non-UK born",14248
"1673",2011,"M",61,"WBI+WHO","UK born",261483
"1674",2011,"M",62,"BLA+BAN+BLC+OBL","Non-UK born",1819
"1675",2011,"M",62,"CHI+OAS","Non-UK born",2910
"1676",2011,"M",62,"IND","Non-UK born",5265
"1677",2011,"M",62,"MIX","Non-UK born",606
"1678",2011,"M",62,"MIX","UK born",666
"1679",2011,"M",62,"OTH","Non-UK born",1451
"1680",2011,"M",62,"PAK","Non-UK born",1639
"1681",2011,"M",62,"WBI+WHO","Non-UK born",18095
"1682",2011,"M",62,"WBI+WHO","UK born",268582
"1683",2011,"M",63,"BLA+BAN+BLC+OBL","Non-UK born",1676
"1684",2011,"M",63,"CHI+OAS","Non-UK born",2780
"1685",2011,"M",63,"IND","Non-UK born",4601
"1686",2011,"M",63,"OTH","Non-UK born",1435
"1687",2011,"M",63,"PAK","Non-UK born",1438
"1688",2011,"M",63,"WBI+WHO","Non-UK born",9501
"1689",2011,"M",63,"WBI+WHO","UK born",295884
"1690",2011,"M",64,"BLA+BAN+BLC+OBL","Non-UK born",939
"1691",2011,"M",64,"BLA+BAN+BLC+OBL","(Missing)",797
"1692",2011,"M",64,"CHI+OAS","Non-UK born",2657
"1693",2011,"M",64,"IND","Non-UK born",4278
"1694",2011,"M",64,"OTH","Non-UK born",1264
"1695",2011,"M",64,"PAK","Non-UK born",1359
"1696",2011,"M",64,"WBI+WHO","Non-UK born",9032
"1697",2011,"M",64,"WBI+WHO","UK born",325704
"1698",2011,"M",65,"BLA+BAN+BLC+OBL","Non-UK born",1710
"1699",2011,"M",65,"CHI+OAS","Non-UK born",2201
"1700",2011,"M",65,"IND","Non-UK born",3844
"1701",2011,"M",65,"OTH","Non-UK born",1199
"1702",2011,"M",65,"PAK","Non-UK born",1217
"1703",2011,"M",65,"WBI+WHO","Non-UK born",6742
"1704",2011,"M",65,"WBI+WHO","UK born",249061
"1705",2011,"M",66,"BLA+BAN+BLC+OBL","Non-UK born",1770
"1706",2011,"M",66,"CHI+OAS","Non-UK born",2026
"1707",2011,"M",66,"IND","Non-UK born",3365
"1708",2011,"M",66,"OTH","(Missing)",165
"1709",2011,"M",66,"OTH","Non-UK born",837
"1710",2011,"M",66,"WBI+WHO","Non-UK born",8391
"1711",2011,"M",66,"WBI+WHO","UK born",240518
"1712",2011,"M",67,"BLA+BAN+BLC+OBL","Non-UK born",1758
"1713",2011,"M",67,"BLA+BAN+BLC+OBL","UK born",563
"1714",2011,"M",67,"CHI+OAS","Non-UK born",2013
"1715",2011,"M",67,"IND","Non-UK born",3525
"1716",2011,"M",67,"MIX","Non-UK born",1027
"1717",2011,"M",67,"OTH","Non-UK born",975
"1718",2011,"M",67,"PAK","Non-UK born",1284
"1719",2011,"M",67,"WBI+WHO","UK born",238588
"1720",2011,"M",67,"WBI+WHO","Non-UK born",9333
"1721",2011,"M",68,"BLA+BAN+BLC+OBL","Non-UK born",2709
"1722",2011,"M",68,"CHI+OAS","Non-UK born",1810
"1723",2011,"M",68,"IND","Non-UK born",3563
"1724",2011,"M",68,"MIX","Non-UK born",954
"1725",2011,"M",68,"OTH","Non-UK born",722
"1726",2011,"M",68,"OTH","UK born",178
"1727",2011,"M",68,"PAK","Non-UK born",1651
"1728",2011,"M",68,"WBI+WHO","Non-UK born",9340
"1729",2011,"M",68,"WBI+WHO","UK born",218843
"1730",2011,"M",69,"BLA+BAN+BLC+OBL","Non-UK born",2943
"1731",2011,"M",69,"CHI+OAS","Non-UK born",1655
"1732",2011,"M",69,"IND","Non-UK born",3441
"1733",2011,"M",69,"MIX","UK born",930
"1734",2011,"M",69,"OTH","Non-UK born",821
"1735",2011,"M",69,"PAK","Non-UK born",1505
"1736",2011,"M",69,"WBI+WHO","UK born",191955
"1737",2011,"M",69,"WBI+WHO","Non-UK born",9940
"1738",2011,"M",7,"BLA+BAN+BLC+OBL","Non-UK born",2499
"1739",2011,"M",7,"BLA+BAN+BLC+OBL","UK born",9329
"1740",2011,"M",7,"CHI+OAS","Non-UK born",2856
"1741",2011,"M",7,"CHI+OAS","UK born",4174
"1742",2011,"M",7,"IND","UK born",7096
"1743",2011,"M",7,"IND","Non-UK born",1107
"1744",2011,"M",7,"MIX","Non-UK born",2227
"1745",2011,"M",7,"MIX","UK born",13926
"1746",2011,"M",7,"OTH","UK born",4173
"1747",2011,"M",7,"PAK","Non-UK born",992
"1748",2011,"M",7,"PAK","UK born",10761
"1749",2011,"M",7,"WBI+WHO","Non-UK born",9096
"1750",2011,"M",7,"WBI+WHO","UK born",228678
"1751",2011,"M",70,"BLA+BAN+BLC+OBL","Non-UK born",3040
"1752",2011,"M",70,"CHI+OAS","Non-UK born",1595
"1753",2011,"M",70,"IND","Non-UK born",3319
"1754",2011,"M",70,"OTH","Non-UK born",728
"1755",2011,"M",70,"PAK","Non-UK born",1647
"1756",2011,"M",70,"WBI+WHO","Non-UK born",7534
"1757",2011,"M",70,"WBI+WHO","UK born",172483
"1758",2011,"M",71,"BLA+BAN+BLC+OBL","Non-UK born",3377
"1759",2011,"M",71,"CHI+OAS","Non-UK born",1642
"1760",2011,"M",71,"IND","Non-UK born",3434
"1761",2011,"M",71,"PAK","Non-UK born",1847
"1762",2011,"M",71,"WBI+WHO","Non-UK born",12184
"1763",2011,"M",71,"WBI+WHO","UK born",175019
"1764",2011,"M",72,"BLA+BAN+BLC+OBL","Non-UK born",3276
"1765",2011,"M",72,"CHI+OAS","UK born",713
"1766",2011,"M",72,"CHI+OAS","Non-UK born",802
"1767",2011,"M",72,"IND","Non-UK born",3380
"1768",2011,"M",72,"MIX","UK born",800
"1769",2011,"M",72,"PAK","Non-UK born",1628
"1770",2011,"M",72,"WBI+WHO","UK born",177930
"1771",2011,"M",72,"WBI+WHO","Non-UK born",7633
"1772",2011,"M",73,"BLA+BAN+BLC+OBL","Non-UK born",3345
"1773",2011,"M",73,"CHI+OAS","Non-UK born",1452
"1774",2011,"M",73,"IND","Non-UK born",3077
"1775",2011,"M",73,"OTH","Non-UK born",634
"1776",2011,"M",73,"PAK","Non-UK born",1328
"1777",2011,"M",73,"PAK","UK born",320
"1778",2011,"M",73,"WBI+WHO","UK born",173448
"1779",2011,"M",73,"WBI+WHO","Non-UK born",7206
"1780",2011,"M",74,"BLA+BAN+BLC+OBL","Non-UK born",3153
"1781",2011,"M",74,"CHI+OAS","UK born",645
"1782",2011,"M",74,"CHI+OAS","Non-UK born",615
"1783",2011,"M",74,"IND","Non-UK born",2985
"1784",2011,"M",74,"MIX","Non-UK born",774
"1785",2011,"M",74,"PAK","Non-UK born",1653
"1786",2011,"M",74,"WBI+WHO","UK born",162798
"1787",2011,"M",74,"WBI+WHO","Non-UK born",8082
"1788",2011,"M",75,"BLA+BAN+BLC+OBL","Non-UK born",3055
"1789",2011,"M",75,"IND","Non-UK born",NA
"1790",2011,"M",75,"IND","UK born",NA
"1791",2011,"M",75,"PAK","Non-UK born",1571
"1792",2011,"M",75,"WBI+WHO","Non-UK born",8735
"1793",2011,"M",75,"WBI+WHO","UK born",152572
"1794",2011,"M",76,"BLA+BAN+BLC+OBL","Non-UK born",NA
"1795",2011,"M",76,"CHI+OAS","Non-UK born",1180
"1796",2011,"M",76,"IND","Non-UK born",NA
"1797",2011,"M",76,"PAK","Non-UK born",NA
"1798",2011,"M",76,"WBI+WHO","UK born",142744
"1799",2011,"M",76,"WBI+WHO","Non-UK born",10743
"1800",2011,"M",77,"BLA+BAN+BLC+OBL","Non-UK born",2463
"1801",2011,"M",77,"IND","Non-UK born",NA
"1802",2011,"M",77,"PAK","Non-UK born",NA
"1803",2011,"M",77,"WBI+WHO","Non-UK born",5794
"1804",2011,"M",77,"WBI+WHO","UK born",135314
"1805",2011,"M",78,"BLA+BAN+BLC+OBL","Non-UK born",2306
"1806",2011,"M",78,"IND","Non-UK born",NA
"1807",2011,"M",78,"PAK","Non-UK born",NA
"1808",2011,"M",78,"WBI+WHO","Non-UK born",9607
"1809",2011,"M",78,"WBI+WHO","UK born",123750
"1810",2011,"M",79,"BLA+BAN+BLC+OBL","Non-UK born",NA
"1811",2011,"M",79,"CHI+OAS","Non-UK born",760
"1812",2011,"M",79,"IND","Non-UK born",NA
"1813",2011,"M",79,"MIX","Non-UK born",NA
"1814",2011,"M",79,"PAK","Non-UK born",NA
"1815",2011,"M",79,"WBI+WHO","Non-UK born",7607
"1816",2011,"M",79,"WBI+WHO","UK born",121671
"1817",2011,"M",8,"BLA+BAN+BLC+OBL","UK born",10091
"1818",2011,"M",8,"BLA+BAN+BLC+OBL","Non-UK born",1688
"1819",2011,"M",8,"CHI+OAS","Non-UK born",3078
"1820",2011,"M",8,"CHI+OAS","UK born",3507
"1821",2011,"M",8,"IND","Non-UK born",1644
"1822",2011,"M",8,"IND","UK born",6234
"1823",2011,"M",8,"MIX","Non-UK born",708
"1824",2011,"M",8,"MIX","UK born",14482
"1825",2011,"M",8,"OTH","UK born",2955
"1826",2011,"M",8,"OTH","Non-UK born",687
"1827",2011,"M",8,"PAK","Non-UK born",1318
"1828",2011,"M",8,"PAK","UK born",10646
"1829",2011,"M",8,"WBI+WHO","Non-UK born",8393
"1830",2011,"M",8,"WBI+WHO","UK born",223514
"1831",2011,"M",80,"CHI+OAS","Non-UK born",728
"1832",2011,"M",80,"IND","Non-UK born",NA
"1833",2011,"M",80,"MIX","Non-UK born",485
"1834",2011,"M",80,"PAK","Non-UK born",NA
"1835",2011,"M",80,"WBI+WHO","UK born",111306
"1836",2011,"M",80,"WBI+WHO","Non-UK born",9957
"1837",2011,"M",81,"BLA+BAN+BLC+OBL","Non-UK born",NA
"1838",2011,"M",81,"PAK","Non-UK born",718
"1839",2011,"M",81,"WBI+WHO","Non-UK born",0
"1840",2011,"M",81,"WBI+WHO","UK born",111074
"1841",2011,"M",82,"BLA+BAN+BLC+OBL","UK born",1343
"1842",2011,"M",82,"IND","Non-UK born",NA
"1843",2011,"M",82,"WBI+WHO","Non-UK born",3130
"1844",2011,"M",82,"WBI+WHO","UK born",96696
"1845",2011,"M",83,"CHI+OAS","Non-UK born",NA
"1846",2011,"M",83,"IND","Non-UK born",NA
"1847",2011,"M",83,"WBI+WHO","Non-UK born",7906
"1848",2011,"M",83,"WBI+WHO","UK born",81093
"1849",2011,"M",84,"BLA+BAN+BLC+OBL","Non-UK born",947
"1850",2011,"M",84,"CHI+OAS","Non-UK born",316
"1851",2011,"M",84,"WBI+WHO","Non-UK born",2282
"1852",2011,"M",84,"WBI+WHO","UK born",78359
"1853",2011,"M",85,"BLA+BAN+BLC+OBL","Non-UK born",NA
"1854",2011,"M",85,"IND","Non-UK born",640
"1855",2011,"M",85,"WBI+WHO","Non-UK born",6802
"1856",2011,"M",85,"WBI+WHO","UK born",65022
"1857",2011,"M",86,"WBI+WHO","Non-UK born",4589
"1858",2011,"M",86,"WBI+WHO","UK born",57032
"1859",2011,"M",87,"BLA+BAN+BLC+OBL","Non-UK born",477
"1860",2011,"M",87,"WBI+WHO","UK born",48830
"1861",2011,"M",87,"WBI+WHO","Non-UK born",3916
"1862",2011,"M",88,"WBI+WHO","Non-UK born",3248
"1863",2011,"M",88,"WBI+WHO","UK born",41392
"1864",2011,"M",89,"BLA+BAN+BLC+OBL","Non-UK born",344
"1865",2011,"M",89,"PAK","Non-UK born",147
"1866",2011,"M",89,"WBI+WHO","UK born",34962
"1867",2011,"M",89,"WBI+WHO","Non-UK born",3540
"1868",2011,"M",9,"BLA+BAN+BLC+OBL","Non-UK born",3319
"1869",2011,"M",9,"BLA+BAN+BLC+OBL","UK born",7735
"1870",2011,"M",9,"CHI+OAS","UK born",3747
"1871",2011,"M",9,"CHI+OAS","Non-UK born",2522
"1872",2011,"M",9,"IND","Non-UK born",2678
"1873",2011,"M",9,"IND","UK born",4907
"1874",2011,"M",9,"MIX","UK born",14230
"1875",2011,"M",9,"OTH","Non-UK born",1193
"1876",2011,"M",9,"OTH","UK born",2570
"1877",2011,"M",9,"PAK","Non-UK born",788
"1878",2011,"M",9,"PAK","UK born",10854
"1879",2011,"M",9,"WBI+WHO","Non-UK born",13236
"1880",2011,"M",9,"WBI+WHO","UK born",215399
"1881",2011,"M",90,"BLA+BAN+BLC+OBL","Non-UK born",814
"1882",2011,"M",90,"WBI+WHO","Non-UK born",6422
"1883",2011,"M",90,"WBI+WHO","UK born",102184
